Employee_ID,Department,Age,Salary,Projects_Completed,Working_Hours,Performance_Score,Promotion_Status
EMP00001,HR,28,81624,24,47,90.4,Yes
EMP00002,Finance,29,92648,22,64,100.0,Yes
EMP00003,HR,48,104764,1,35,41.8,No
EMP00004,HR,53,121456,18,42,82.6,Yes
EMP00005,Engineering,35,122212,19,47,79.4,Yes
EMP00006,Operations,48,111655,9,39,61.6,No
EMP00007,Finance,27,99163,13,36,68.0,No
EMP00008,Sales,59,133371,2,59,54.0,No
EMP00009,Finance,45,120850,18,48,91.2,Yes
EMP00010,Finance,33,104082,2,44,44.0,No
EMP00011,Finance,35,111857,13,47,83.6,Yes
EMP00012,IT,44,129665,12,52,72.8,No
EMP00013,IT,25,105354,18,45,85.4,Yes
EMP00014,Sales,45,106196,21,65,98.8,Yes
EMP00015,Marketing,24,91945,2,50,53.6,No
EMP00016,Marketing,25,86967,19,50,96.2,Yes
EMP00017,Customer Support,52,102081,21,59,93.2,Yes
EMP00018,Marketing,29,102461,24,65,100.0,Yes
EMP00019,Customer Support,58,116461,19,55,86.2,Yes
EMP00020,Admin,29,73343,16,35,64.8,No
EMP00021,IT,30,125543,22,57,87.8,Yes
EMP00022,Customer Support,45,106338,20,59,91.4,Yes
EMP00023,HR,56,124795,22,37,81.8,Yes
EMP00024,Finance,42,110582,10,57,78.2,Yes
EMP00025,Sales,21,86835,17,41,70.2,No
EMP00026,Admin,40,90008,20,42,84.2,Yes
EMP00027,Admin,31,74218,25,63,100.0,Yes
EMP00028,Engineering,41,141094,1,37,45.0,No
EMP00029,HR,36,86006,8,35,62.4,No
EMP00030,Admin,25,71207,25,38,94.8,Yes
EMP00031,IT,56,157076,9,63,79.0,Yes
EMP00032,Admin,34,88014,25,42,94.2,Yes
EMP00033,Engineering,44,136765,17,58,84.4,Yes
EMP00034,Finance,35,116277,11,31,67.4,No
EMP00035,Marketing,35,93929,1,34,41.2,No
EMP00036,HR,25,86847,11,34,59.2,No
EMP00037,Engineering,38,129935,7,64,81.0,No
EMP00038,Engineering,57,161738,8,60,68.4,No
EMP00039,Finance,27,99009,22,57,98.8,Yes
EMP00040,Engineering,47,139624,24,33,76.0,Yes
EMP00041,Operations,46,108478,4,45,52.2,No
EMP00042,Engineering,55,152012,5,57,63.2,No
EMP00043,Marketing,50,128033,3,58,55.2,No
EMP00044,Admin,24,73545,1,35,39.8,No
EMP00045,Engineering,47,149541,16,43,67.6,No
EMP00046,Customer Support,31,80890,1,54,60.2,No
EMP00047,Customer Support,39,97747,23,65,96.4,Yes
EMP00048,Sales,33,103578,7,33,61.4,No
EMP00049,Operations,24,94942,2,33,50.4,No
EMP00050,Admin,53,117240,6,33,44.6,No
EMP00051,Finance,32,101107,20,34,80.4,Yes
EMP00052,Marketing,28,86286,19,32,78.4,Yes
EMP00053,Admin,58,113293,11,46,69.4,No
EMP00054,Sales,36,98030,13,38,72.2,No
EMP00055,Finance,41,122648,1,59,52.2,No
EMP00056,Admin,25,75690,7,62,65.8,No
EMP00057,Finance,43,115938,8,53,63.2,No
EMP00058,Admin,49,113132,23,49,82.8,Yes
EMP00059,Sales,56,116600,22,36,81.2,Yes
EMP00060,Finance,28,93693,24,65,100.0,Yes
EMP00061,Marketing,39,103471,23,51,100.0,Yes
EMP00062,Admin,37,83064,16,46,70.4,No
EMP00063,Sales,48,113529,2,30,37.6,No
EMP00064,IT,37,132477,24,58,100.0,Yes
EMP00065,HR,56,112084,4,34,56.6,No
EMP00066,Operations,23,79452,19,65,98.2,Yes
EMP00067,HR,29,76107,10,53,72.8,No
EMP00068,Marketing,34,102389,22,36,90.2,Yes
EMP00069,IT,47,132201,8,40,63.4,No
EMP00070,IT,22,109891,24,51,92.8,Yes
EMP00071,IT,38,128135,23,36,76.0,Yes
EMP00072,Marketing,51,122657,7,59,69.0,No
EMP00073,Marketing,35,105056,1,42,49.0,No
EMP00074,Finance,38,112106,25,47,100.0,Yes
EMP00075,Customer Support,53,109451,22,64,90.0,Yes
EMP00076,Sales,28,79853,6,46,53.4,No
EMP00077,Customer Support,59,120099,12,50,82.6,Yes
EMP00078,Finance,53,126946,13,42,61.6,No
EMP00079,HR,48,104056,17,64,92.0,Yes
EMP00080,Finance,48,122886,22,51,85.2,Yes
EMP00081,Admin,40,95688,10,56,75.6,Yes
EMP00082,Admin,39,97577,5,42,58.2,No
EMP00083,Sales,32,83413,13,65,83.4,Yes
EMP00084,Marketing,39,112036,14,50,81.2,Yes
EMP00085,Marketing,49,114360,17,60,80.6,Yes
EMP00086,Admin,39,86860,22,51,89.2,Yes
EMP00087,Marketing,40,98800,7,39,49.0,No
EMP00088,Engineering,36,138123,20,34,81.4,Yes
EMP00089,Marketing,57,134599,23,54,97.8,Yes
EMP00090,IT,36,116692,21,30,80.8,Yes
EMP00091,IT,35,127222,23,63,92.2,Yes
EMP00092,Marketing,56,121569,4,59,68.6,No
EMP00093,Admin,54,116302,20,50,97.0,Yes
EMP00094,Customer Support,53,103815,18,58,94.2,Yes
EMP00095,Sales,49,112886,25,45,100.0,Yes
EMP00096,Marketing,52,114938,9,58,72.0,No
EMP00097,Sales,36,105899,11,50,63.8,No
EMP00098,IT,29,109807,8,54,64.8,No
EMP00099,Customer Support,25,82780,14,51,81.8,Yes
EMP00100,HR,47,109162,7,56,76.2,No
EMP00101,Customer Support,22,72926,16,30,67.8,No
EMP00102,Customer Support,45,108767,18,64,89.8,Yes
EMP00103,Marketing,52,128313,9,57,62.4,No
EMP00104,Operations,45,106408,22,55,98.6,Yes
EMP00105,Admin,29,91195,1,55,64.8,No
EMP00106,Finance,22,85846,21,57,98.0,Yes
EMP00107,HR,32,89126,9,54,66.6,No
EMP00108,Operations,50,116117,11,54,77.2,Yes
EMP00109,Finance,37,117075,16,31,60.4,No
EMP00110,Marketing,43,102919,21,34,70.2,No
EMP00111,Marketing,36,101016,1,39,41.2,No
EMP00112,Finance,51,131438,19,43,80.0,Yes
EMP00113,IT,44,128166,20,37,79.2,Yes
EMP00114,HR,27,85397,10,54,68.4,No
EMP00115,Marketing,25,99674,4,49,51.6,No
EMP00116,HR,57,122437,12,64,83.0,Yes
EMP00117,Admin,25,67414,21,51,93.4,Yes
EMP00118,Finance,52,132464,14,53,73.0,No
EMP00119,IT,48,136450,24,63,100.0,Yes
EMP00120,Engineering,55,165414,15,57,81.2,Yes
EMP00121,Marketing,41,113971,3,47,52.6,No
EMP00122,Customer Support,50,111197,11,31,60.4,No
EMP00123,Engineering,32,126865,7,52,65.8,No
EMP00124,Sales,38,107528,18,30,68.4,No
EMP00125,Marketing,26,97209,24,56,100.0,Yes
EMP00126,Engineering,36,137885,21,61,86.4,Yes
EMP00127,Sales,26,84172,8,55,68.4,No
EMP00128,Operations,58,133997,16,65,90.8,Yes
EMP00129,Admin,48,109468,11,52,71.0,No
EMP00130,Sales,40,99310,8,37,58.6,No
EMP00131,Admin,28,76876,25,41,87.6,Yes
EMP00132,Sales,51,125755,24,63,100.0,Yes
EMP00133,Marketing,27,94225,10,44,61.4,No
EMP00134,HR,40,92147,23,64,99.8,Yes
EMP00135,HR,23,71737,18,48,93.2,Yes
EMP00136,Finance,52,132781,1,48,57.6,No
EMP00137,Operations,49,114073,6,33,57.6,No
EMP00138,Finance,28,91027,13,61,90.0,Yes
EMP00139,IT,24,101591,5,49,57.4,No
EMP00140,Admin,28,90467,25,56,100.0,Yes
EMP00141,Marketing,60,134464,25,63,100.0,Yes
EMP00142,Sales,49,113806,19,57,98.4,Yes
EMP00143,HR,60,118808,20,36,89.6,Yes
EMP00144,Sales,34,90946,22,35,79.6,Yes
EMP00145,Admin,32,75487,3,40,54.4,No
EMP00146,Engineering,49,146385,10,32,58.2,No
EMP00147,Engineering,39,135468,3,44,63.8,No
EMP00148,Marketing,58,137444,14,37,66.4,No
EMP00149,Sales,30,82954,5,34,46.4,No
EMP00150,Sales,40,108358,15,37,70.2,No
EMP00151,Sales,46,116380,17,64,95.0,Yes
EMP00152,HR,26,90982,14,50,75.2,Yes
EMP00153,Finance,22,90231,8,31,63.0,No
EMP00154,IT,23,112090,16,63,86.6,Yes
EMP00155,Customer Support,32,76389,21,61,100.0,Yes
EMP00156,Customer Support,43,90027,11,50,66.8,No
EMP00157,Customer Support,42,94844,23,61,100.0,Yes
EMP00158,HR,56,117506,15,35,68.0,No
EMP00159,Finance,41,121062,25,55,90.0,Yes
EMP00160,Engineering,55,152146,14,33,73.0,No
EMP00161,Engineering,44,134491,21,58,90.6,Yes
EMP00162,Admin,38,96956,5,48,64.8,No
EMP00163,HR,28,78789,21,45,85.8,Yes
EMP00164,HR,56,110254,18,56,85.0,Yes
EMP00165,Engineering,28,129930,4,39,51.6,No
EMP00166,Sales,53,124073,14,60,80.2,Yes
EMP00167,Admin,50,103245,5,54,72.4,No
EMP00168,IT,53,147196,3,47,55.6,No
EMP00169,Sales,53,118383,1,48,60.6,No
EMP00170,Engineering,58,167248,5,58,70.8,No
EMP00171,Operations,43,110960,18,64,96.8,Yes
EMP00172,Marketing,41,117936,23,45,92.4,Yes
EMP00173,Customer Support,35,92498,2,50,57.6,No
EMP00174,IT,45,128136,16,32,76.0,Yes
EMP00175,Operations,58,119867,4,58,70.0,No
EMP00176,HR,50,113434,24,39,98.6,Yes
EMP00177,Finance,30,102093,16,46,87.4,Yes
EMP00178,Finance,46,122652,11,64,80.2,Yes
EMP00179,Admin,52,107092,2,34,56.0,No
EMP00180,Marketing,39,111020,24,35,79.2,Yes
EMP00181,Engineering,27,113348,6,49,53.2,No
EMP00182,HR,41,101482,10,52,74.2,No
EMP00183,Marketing,30,104544,17,56,81.2,Yes
EMP00184,IT,31,115091,3,54,64.8,No
EMP00185,IT,58,147922,8,59,75.8,Yes
EMP00186,HR,37,102310,15,48,72.8,No
EMP00187,Engineering,25,123903,12,49,71.0,No
EMP00188,Sales,50,120833,7,54,60.0,No
EMP00189,Customer Support,36,97035,19,52,86.4,Yes
EMP00190,HR,39,95794,22,55,84.6,Yes
EMP00191,HR,57,117778,20,61,91.6,Yes
EMP00192,Operations,59,126012,8,42,55.6,No
EMP00193,HR,27,73493,10,58,82.8,Yes
EMP00194,IT,44,133505,3,48,59.2,No
EMP00195,Marketing,32,100388,5,64,75.4,No
EMP00196,Sales,53,124389,6,46,59.4,No
EMP00197,Finance,42,110012,15,34,66.4,No
EMP00198,Admin,46,105129,12,35,54.6,No
EMP00199,Admin,37,93477,4,59,62.6,No
EMP00200,Customer Support,58,108150,21,53,88.6,Yes
EMP00201,HR,51,111948,20,65,100.0,Yes
EMP00202,Finance,35,106902,21,59,100.0,Yes
EMP00203,Finance,47,112619,5,32,49.2,No
EMP00204,Finance,52,135014,4,45,50.2,No
EMP00205,Engineering,45,147733,12,64,90.0,Yes
EMP00206,Customer Support,30,87034,21,36,90.4,Yes
EMP00207,Sales,47,108519,2,53,61.4,No
EMP00208,Marketing,49,120836,12,36,72.2,No
EMP00209,HR,43,97819,13,47,66.6,No
EMP00210,Finance,50,134567,22,43,77.4,Yes
EMP00211,Operations,24,94300,8,38,55.2,No
EMP00212,Admin,25,74634,7,43,60.4,No
EMP00213,HR,30,80259,9,39,68.6,No
EMP00214,IT,37,118718,4,31,37.8,No
EMP00215,Marketing,43,102117,19,50,81.2,Yes
EMP00216,HR,37,101638,5,56,57.6,No
EMP00217,Engineering,25,126817,15,53,88.8,Yes
EMP00218,Engineering,27,113820,17,44,85.0,Yes
EMP00219,Engineering,40,129993,21,31,83.4,Yes
EMP00220,Customer Support,46,106265,22,36,87.2,Yes
EMP00221,Finance,25,87152,11,39,59.2,No
EMP00222,Admin,38,95081,23,50,100.0,Yes
EMP00223,Sales,54,129638,15,62,89.2,Yes
EMP00224,Finance,27,94445,21,65,100.0,Yes
EMP00225,Marketing,49,123660,14,51,79.8,Yes
EMP00226,Finance,47,121640,11,57,74.0,No
EMP00227,IT,44,124999,22,60,89.6,Yes
EMP00228,Finance,26,98410,14,36,62.8,No
EMP00229,HR,56,125605,19,65,95.2,Yes
EMP00230,Customer Support,28,70285,12,57,76.8,Yes
EMP00231,Sales,59,134737,12,36,71.2,No
EMP00232,IT,34,118148,22,60,90.6,Yes
EMP00233,Admin,43,97728,12,37,73.8,No
EMP00234,Customer Support,35,77860,18,65,100.0,Yes
EMP00235,HR,38,95724,6,47,61.0,No
EMP00236,HR,43,110157,6,39,58.2,No
EMP00237,IT,25,103006,24,31,89.8,Yes
EMP00238,Customer Support,34,86970,14,59,77.6,Yes
EMP00239,Sales,44,116398,24,50,100.0,Yes
EMP00240,HR,26,72830,5,40,47.0,No
EMP00241,Engineering,38,141514,22,57,100.0,Yes
EMP00242,Customer Support,49,110588,9,43,57.0,No
EMP00243,Customer Support,43,106035,4,48,63.0,No
EMP00244,Sales,54,122751,2,44,61.0,No
EMP00245,HR,24,75721,7,49,58.0,No
EMP00246,Sales,37,89653,11,37,69.0,No
EMP00247,IT,48,145051,5,54,60.4,No
EMP00248,Admin,53,102961,22,52,94.8,Yes
EMP00249,Customer Support,23,65151,1,59,59.2,No
EMP00250,Customer Support,57,117086,19,55,88.2,Yes
EMP00251,Customer Support,28,74231,1,50,62.8,No
EMP00252,Operations,50,110468,3,57,58.6,No
EMP00253,Customer Support,48,105568,17,35,72.6,No
EMP00254,Marketing,42,102902,11,40,71.8,No
EMP00255,Admin,28,82048,17,42,78.8,Yes
EMP00256,Marketing,30,94387,4,39,48.6,No
EMP00257,IT,32,114204,25,34,97.4,Yes
EMP00258,Engineering,52,160897,25,58,100.0,Yes
EMP00259,Operations,60,123946,21,50,93.8,Yes
EMP00260,Engineering,25,119000,15,49,86.4,Yes
EMP00261,Operations,24,85971,17,34,77.0,Yes
EMP00262,HR,49,108206,2,53,49.4,No
EMP00263,Admin,26,87216,13,59,87.8,Yes
EMP00264,Engineering,23,118135,19,42,90.4,Yes
EMP00265,Admin,51,112962,5,33,43.8,No
EMP00266,Finance,42,106682,17,41,74.2,No
EMP00267,Engineering,49,158782,17,63,85.4,Yes
EMP00268,Operations,44,113194,10,54,72.4,No
EMP00269,HR,59,112959,21,51,90.4,Yes
EMP00270,Admin,27,78710,22,54,92.0,Yes
EMP00271,IT,59,159895,11,35,56.8,No
EMP00272,Sales,43,100825,21,55,100.0,Yes
EMP00273,Sales,26,86963,18,54,80.8,Yes
EMP00274,Finance,54,136462,21,57,95.0,Yes
EMP00275,Operations,22,80418,10,41,64.6,No
EMP00276,Marketing,52,117477,8,38,51.2,No
EMP00277,Finance,39,119053,17,64,82.0,Yes
EMP00278,IT,42,125454,20,54,85.4,Yes
EMP00279,IT,32,109831,24,58,100.0,Yes
EMP00280,Marketing,44,117510,15,48,74.8,No
EMP00281,Marketing,55,122357,10,60,77.0,Yes
EMP00282,Engineering,57,160913,15,48,83.8,Yes
EMP00283,Customer Support,54,119613,6,42,52.0,No
EMP00284,HR,37,96563,21,60,100.0,Yes
EMP00285,Admin,27,72148,4,48,53.0,No
EMP00286,Engineering,38,139935,17,39,68.0,No
EMP00287,Engineering,35,135595,12,31,53.2,No
EMP00288,Admin,46,104853,12,45,62.6,No
EMP00289,Marketing,44,106046,1,50,63.8,No
EMP00290,IT,42,129800,5,32,55.2,No
EMP00291,Engineering,29,117396,15,30,57.0,No
EMP00292,Marketing,37,114351,5,65,76.0,No
EMP00293,Finance,48,120386,25,48,94.8,Yes
EMP00294,HR,28,88578,8,56,62.0,No
EMP00295,Engineering,28,114138,20,64,100.0,Yes
EMP00296,Marketing,53,123144,23,39,89.8,Yes
EMP00297,Operations,21,78337,8,56,62.0,No
EMP00298,Operations,54,129628,3,63,71.2,No
EMP00299,Admin,53,116005,1,54,47.2,No
EMP00300,Operations,45,112701,9,31,48.8,No
EMP00301,Marketing,43,120667,24,36,86.8,Yes
EMP00302,HR,29,85893,12,64,92.0,Yes
EMP00303,Engineering,32,124372,23,60,93.4,Yes
EMP00304,Engineering,25,116605,2,48,45.4,No
EMP00305,HR,33,96488,11,49,73.2,No
EMP00306,Engineering,55,152262,9,32,56.4,No
EMP00307,HR,43,100552,21,51,83.4,Yes
EMP00308,Customer Support,44,100469,13,58,80.2,Yes
EMP00309,Engineering,32,130437,23,61,100.0,Yes
EMP00310,Finance,38,103186,24,57,100.0,Yes
EMP00311,IT,59,151325,18,48,76.2,Yes
EMP00312,Operations,26,88243,22,48,94.4,Yes
EMP00313,Customer Support,59,117319,6,58,71.6,No
EMP00314,Operations,23,83596,20,57,100.0,Yes
EMP00315,Finance,24,95704,22,55,100.0,Yes
EMP00316,HR,31,78340,5,58,59.8,No
EMP00317,Marketing,25,91866,25,53,100.0,Yes
EMP00318,HR,57,123143,20,39,82.4,Yes
EMP00319,Engineering,44,151606,25,34,81.4,Yes
EMP00320,Operations,54,120932,13,50,72.4,No
EMP00321,HR,28,89952,24,41,95.8,Yes
EMP00322,Admin,45,99529,4,46,60.8,No
EMP00323,Sales,34,92359,23,61,93.0,Yes
EMP00324,Finance,29,104385,15,41,65.6,No
EMP00325,Operations,41,114222,23,34,90.8,Yes
EMP00326,Sales,39,103645,6,41,63.4,No
EMP00327,Finance,35,104757,7,38,62.4,No
EMP00328,Operations,22,88715,18,53,93.2,Yes
EMP00329,Finance,29,102846,3,49,61.8,No
EMP00330,Customer Support,54,118638,25,56,92.6,Yes
EMP00331,Operations,29,96544,21,34,84.2,Yes
EMP00332,Operations,54,131060,5,65,65.0,No
EMP00333,Customer Support,29,73868,17,33,78.4,Yes
EMP00334,Sales,30,91572,6,40,53.8,No
EMP00335,Admin,43,96811,10,35,57.0,No
EMP00336,Sales,56,129681,5,49,52.4,No
EMP00337,IT,53,139209,19,39,88.6,Yes
EMP00338,Operations,59,118729,19,32,67.4,No
EMP00339,Sales,23,91347,21,43,88.6,Yes
EMP00340,HR,60,121491,16,64,99.2,Yes
EMP00341,Engineering,40,137746,8,55,73.4,No
EMP00342,HR,25,83619,6,58,72.6,No
EMP00343,Marketing,50,120242,11,39,65.2,No
EMP00344,Customer Support,43,103474,5,53,69.8,No
EMP00345,Operations,27,83414,8,59,69.8,No
EMP00346,Marketing,49,110458,5,36,51.6,No
EMP00347,Customer Support,45,99729,8,40,68.4,No
EMP00348,Marketing,41,115527,25,40,97.0,Yes
EMP00349,Engineering,50,140759,10,61,68.6,No
EMP00350,Admin,46,99249,15,45,84.0,Yes
EMP00351,HR,43,107816,2,48,63.4,No
EMP00352,Sales,51,109722,18,30,75.4,Yes
EMP00353,Sales,29,93013,24,53,98.0,Yes
EMP00354,Customer Support,23,68978,2,65,65.6,No
EMP00355,Sales,56,128723,3,54,63.8,No
EMP00356,Sales,56,116416,20,37,73.2,No
EMP00357,Operations,46,114180,11,65,74.8,No
EMP00358,Admin,33,77919,13,62,73.6,No
EMP00359,IT,23,113123,23,51,100.0,Yes
EMP00360,IT,50,134580,20,62,95.2,Yes
EMP00361,Operations,60,128805,6,55,73.8,No
EMP00362,Admin,42,103451,17,64,99.0,Yes
EMP00363,Engineering,40,138854,1,53,48.6,No
EMP00364,Sales,47,120959,24,31,88.8,Yes
EMP00365,Marketing,37,113520,24,33,90.0,Yes
EMP00366,Admin,31,79042,21,54,89.2,Yes
EMP00367,Finance,23,97051,7,31,53.2,No
EMP00368,IT,47,139847,14,43,79.0,Yes
EMP00369,Engineering,60,156524,24,33,91.0,Yes
EMP00370,Admin,34,95018,11,60,79.8,Yes
EMP00371,IT,41,130417,15,64,94.4,Yes
EMP00372,Sales,43,102900,20,60,91.0,Yes
EMP00373,Admin,38,92352,10,44,65.4,No
EMP00374,Engineering,34,132229,11,60,84.8,Yes
EMP00375,Sales,38,103041,4,64,69.6,No
EMP00376,IT,43,131025,10,32,51.2,No
EMP00377,Engineering,43,147298,21,46,83.4,Yes
EMP00378,Admin,33,85500,9,65,71.2,No
EMP00379,Marketing,27,99801,8,33,53.2,No
EMP00380,HR,35,92823,4,56,67.8,No
EMP00381,IT,27,107575,1,65,65.8,No
EMP00382,Engineering,51,150612,21,42,85.0,Yes
EMP00383,HR,39,105613,25,35,85.0,Yes
EMP00384,HR,55,111760,6,56,57.4,No
EMP00385,Engineering,46,136427,6,48,51.6,No
EMP00386,Finance,40,117888,11,48,80.6,Yes
EMP00387,Admin,55,119522,16,38,77.6,Yes
EMP00388,Marketing,38,100924,4,51,63.8,No
EMP00389,IT,37,124067,1,51,62.4,No
EMP00390,IT,33,123614,20,55,97.0,Yes
EMP00391,Finance,41,110254,13,36,61.0,No
EMP00392,Operations,51,116745,8,30,56.4,No
EMP00393,Engineering,36,134001,25,47,94.2,Yes
EMP00394,HR,58,117343,9,53,61.0,No
EMP00395,Engineering,28,126884,10,40,70.0,No
EMP00396,Finance,40,115043,21,48,97.6,Yes
EMP00397,Marketing,35,97019,5,60,71.0,No
EMP00398,Operations,59,133228,14,65,93.2,Yes
EMP00399,Marketing,34,108019,22,35,86.6,Yes
EMP00400,Operations,54,113823,3,37,56.6,No
EMP00401,Marketing,53,118510,19,64,89.6,Yes
EMP00402,Admin,41,92930,15,37,79.2,Yes
EMP00403,Finance,52,119223,17,58,91.4,Yes
EMP00404,Admin,29,90278,14,59,73.6,No
EMP00405,Engineering,56,147913,22,49,93.0,Yes
EMP00406,HR,37,103350,24,43,83.0,Yes
EMP00407,Customer Support,23,80332,12,34,55.0,No
EMP00408,Engineering,25,123397,2,48,49.4,No
EMP00409,Customer Support,29,84497,12,54,78.0,Yes
EMP00410,Finance,45,113357,22,64,100.0,Yes
EMP00411,Finance,43,119479,6,64,77.2,No
EMP00412,Marketing,29,94576,1,31,46.4,No
EMP00413,Customer Support,55,108525,18,54,83.8,Yes
EMP00414,Operations,50,113176,5,47,52.2,No
EMP00415,Customer Support,23,70486,20,31,72.6,No
EMP00416,Finance,25,99628,20,32,86.2,Yes
EMP00417,Marketing,24,91981,24,32,88.4,Yes
EMP00418,Admin,35,83591,7,33,60.4,No
EMP00419,Marketing,39,115722,24,50,100.0,Yes
EMP00420,Marketing,41,116280,10,39,60.4,No
EMP00421,Sales,47,119642,9,33,66.0,No
EMP00422,Customer Support,32,74936,18,61,92.0,Yes
EMP00423,Admin,45,104377,11,56,69.4,No
EMP00424,Customer Support,40,98516,6,64,68.2,No
EMP00425,Sales,35,102172,23,39,77.8,Yes
EMP00426,Customer Support,56,119566,14,65,80.2,Yes
EMP00427,Marketing,45,114822,9,43,74.0,No
EMP00428,Engineering,26,128751,12,35,60.6,No
EMP00429,Sales,24,76184,13,32,60.6,No
EMP00430,Admin,58,113444,7,60,70.6,No
EMP00431,HR,40,91844,7,42,64.8,No
EMP00432,Marketing,36,111290,13,45,72.4,No
EMP00433,Customer Support,39,93572,15,64,86.4,Yes
EMP00434,Operations,37,106670,17,61,82.2,Yes
EMP00435,Operations,51,118453,7,53,69.4,No
EMP00436,Marketing,23,78131,24,39,86.6,Yes
EMP00437,Customer Support,56,108628,10,39,63.4,No
EMP00438,Customer Support,35,93361,19,45,90.2,Yes
EMP00439,Sales,42,111475,25,61,100.0,Yes
EMP00440,Operations,31,102109,6,38,60.6,No
EMP00441,Admin,32,92568,21,33,70.6,No
EMP00442,HR,25,83513,25,30,79.0,Yes
EMP00443,Finance,35,97299,23,39,82.8,Yes
EMP00444,Engineering,53,159433,12,33,68.4,No
EMP00445,HR,22,79878,18,65,83.4,Yes
EMP00446,Admin,22,80955,24,47,92.4,Yes
EMP00447,Admin,22,69274,23,57,90.6,Yes
EMP00448,Admin,27,75689,5,45,67.0,No
EMP00449,Sales,54,122805,12,47,63.8,No
EMP00450,Customer Support,44,95200,15,45,75.0,Yes
EMP00451,HR,26,83627,3,55,62.4,No
EMP00452,Engineering,56,152815,2,30,35.6,No
EMP00453,Customer Support,52,115941,21,51,83.4,Yes
EMP00454,HR,54,123372,8,43,67.2,No
EMP00455,HR,38,103394,3,47,63.6,No
EMP00456,IT,23,104388,11,31,68.4,No
EMP00457,Customer Support,30,76323,3,49,64.8,No
EMP00458,Customer Support,36,89070,22,64,100.0,Yes
EMP00459,Finance,29,91559,17,52,76.8,Yes
EMP00460,Marketing,48,127430,3,51,67.0,No
EMP00461,Customer Support,59,106770,25,50,100.0,Yes
EMP00462,Engineering,38,137259,16,44,84.2,Yes
EMP00463,Customer Support,45,91808,6,54,74.2,No
EMP00464,Marketing,39,99488,23,34,81.8,Yes
EMP00465,Customer Support,30,83767,23,39,86.8,Yes
EMP00466,Finance,44,117901,3,30,49.4,No
EMP00467,Sales,44,100660,4,38,47.0,No
EMP00468,Engineering,48,154391,18,65,96.4,Yes
EMP00469,HR,27,90560,3,52,50.6,No
EMP00470,Operations,59,127363,13,30,66.4,No
EMP00471,Finance,45,116954,24,65,100.0,Yes
EMP00472,IT,54,140354,22,54,88.0,Yes
EMP00473,Sales,38,95381,9,61,66.8,No
EMP00474,Customer Support,31,82022,9,56,76.8,Yes
EMP00475,Operations,25,93246,9,45,74.2,No
EMP00476,Marketing,60,126439,15,36,69.6,No
EMP00477,Customer Support,21,70998,11,54,78.2,Yes
EMP00478,Customer Support,42,95244,21,38,82.6,Yes
EMP00479,Marketing,59,126620,16,50,82.8,Yes
EMP00480,Sales,41,113070,24,61,98.8,Yes
EMP00481,Customer Support,41,96160,9,55,64.2,No
EMP00482,Marketing,57,124295,19,64,100.0,Yes
EMP00483,Engineering,22,120767,23,43,88.2,Yes
EMP00484,Customer Support,25,69560,22,61,100.0,Yes
EMP00485,Marketing,40,111865,9,39,63.6,No
EMP00486,Engineering,25,129078,20,60,96.0,Yes
EMP00487,Admin,55,120814,23,56,88.0,Yes
EMP00488,Admin,44,93383,20,35,76.0,Yes
EMP00489,IT,43,140055,21,32,89.0,Yes
EMP00490,Operations,46,102545,14,36,61.8,No
EMP00491,Marketing,37,112684,17,63,98.4,Yes
EMP00492,Marketing,57,131216,15,53,84.8,Yes
EMP00493,Admin,58,107404,5,52,67.2,No
EMP00494,Sales,27,81203,14,35,62.2,No
EMP00495,Sales,43,103378,11,59,83.2,Yes
EMP00496,Operations,51,122557,16,36,76.4,Yes
EMP00497,Finance,41,107971,10,32,49.2,No
EMP00498,Finance,42,113392,22,40,91.6,Yes
EMP00499,Admin,32,93745,6,51,66.4,No
EMP00500,Marketing,50,116107,13,41,80.0,Yes
EMP00501,Customer Support,48,107331,1,42,57.0,No
EMP00502,Customer Support,48,99343,1,43,47.6,No
EMP00503,Finance,25,96986,18,41,79.0,Yes
EMP00504,Engineering,33,135639,4,46,62.8,No
EMP00505,Customer Support,41,103434,20,55,84.0,Yes
EMP00506,Operations,43,108346,15,41,82.6,Yes
EMP00507,Finance,58,134862,22,38,77.4,Yes
EMP00508,Sales,36,100432,4,41,47.8,No
EMP00509,Customer Support,53,117435,14,38,72.0,No
EMP00510,IT,48,133276,16,64,96.2,Yes
EMP00511,Engineering,31,123330,10,38,62.8,No
EMP00512,HR,49,114679,12,30,55.6,No
EMP00513,Customer Support,33,90819,18,62,94.6,Yes
EMP00514,Customer Support,52,113413,23,58,93.2,Yes
EMP00515,HR,26,80771,25,44,84.4,Yes
EMP00516,Marketing,38,101111,18,48,87.2,Yes
EMP00517,Engineering,57,152109,18,62,99.6,Yes
EMP00518,Sales,28,90621,25,64,100.0,Yes
EMP00519,Engineering,23,121531,18,43,73.2,No
EMP00520,Sales,36,96811,2,58,61.4,No
EMP00521,Engineering,26,118077,4,45,64.2,No
EMP00522,Customer Support,43,93370,6,38,51.6,No
EMP00523,Operations,24,95357,18,47,89.6,Yes
EMP00524,Operations,31,93680,23,48,100.0,Yes
EMP00525,Admin,38,87042,22,36,86.2,Yes
EMP00526,Sales,24,78148,21,38,79.6,Yes
EMP00527,Operations,30,99038,8,55,63.4,No
EMP00528,Sales,57,125693,21,56,97.4,Yes
EMP00529,Finance,25,94116,13,62,83.6,Yes
EMP00530,Engineering,50,143052,11,30,63.8,No
EMP00531,Finance,43,113737,18,55,90.4,Yes
EMP00532,Engineering,34,130092,9,50,68.2,No
EMP00533,IT,56,148463,19,61,83.8,Yes
EMP00534,Finance,23,83133,21,59,88.2,Yes
EMP00535,Engineering,31,131218,15,30,63.0,No
EMP00536,Sales,29,82858,6,47,71.0,No
EMP00537,Sales,44,103223,3,53,50.2,No
EMP00538,Sales,46,114265,24,44,100.0,Yes
EMP00539,Finance,26,101824,1,43,41.6,No
EMP00540,Marketing,29,85104,17,58,77.4,Yes
EMP00541,Finance,42,121053,14,38,62.0,No
EMP00542,Customer Support,35,80381,3,36,49.0,No
EMP00543,Sales,44,102162,5,54,73.4,No
EMP00544,Finance,30,110998,17,30,80.6,Yes
EMP00545,Engineering,31,122160,12,43,72.4,No
EMP00546,Engineering,60,155292,7,35,49.6,No
EMP00547,Customer Support,28,78905,12,57,71.8,No
EMP00548,Sales,36,96331,21,35,87.8,Yes
EMP00549,Sales,59,125684,25,31,81.6,Yes
EMP00550,Admin,54,111484,7,55,77.6,No
EMP00551,Marketing,24,82494,16,54,80.2,Yes
EMP00552,Finance,52,129232,17,30,70.6,No
EMP00553,Customer Support,29,81773,19,56,96.8,Yes
EMP00554,Engineering,32,118946,25,34,95.4,Yes
EMP00555,HR,25,71305,9,43,55.0,No
EMP00556,Admin,46,105812,10,62,80.2,Yes
EMP00557,Finance,46,127817,21,64,100.0,Yes
EMP00558,Sales,30,83589,3,49,62.8,No
EMP00559,IT,34,123603,18,50,92.4,Yes
EMP00560,Sales,25,82819,23,57,88.6,Yes
EMP00561,Finance,36,113056,14,37,78.4,Yes
EMP00562,HR,59,114713,10,41,54.6,No
EMP00563,HR,29,86160,6,61,75.4,No
EMP00564,Sales,54,113959,6,53,62.6,No
EMP00565,HR,28,82512,11,57,82.0,Yes
EMP00566,Sales,25,91257,23,34,87.8,Yes
EMP00567,Operations,53,129175,2,61,57.2,No
EMP00568,IT,44,141605,9,36,52.8,No
EMP00569,Admin,35,79402,1,32,40.0,No
EMP00570,Engineering,23,112517,12,54,71.0,No
EMP00571,Admin,23,71956,23,56,97.0,Yes
EMP00572,Customer Support,36,87088,24,50,87.2,Yes
EMP00573,Operations,57,117125,4,62,61.4,No
EMP00574,Admin,35,81258,2,55,62.6,No
EMP00575,Sales,39,109923,11,35,66.8,No
EMP00576,Operations,21,90674,7,48,62.4,No
EMP00577,Marketing,60,141388,15,53,85.8,Yes
EMP00578,Admin,33,81533,25,45,84.0,Yes
EMP00579,HR,47,107751,8,64,84.8,Yes
EMP00580,Operations,21,82276,1,54,49.2,No
EMP00581,Admin,34,93922,8,56,61.0,No
EMP00582,Sales,30,88584,3,32,52.6,No
EMP00583,Operations,47,122430,15,35,63.0,No
EMP00584,IT,53,136052,21,55,100.0,Yes
EMP00585,HR,57,116158,14,38,69.0,No
EMP00586,Operations,37,101822,13,50,79.4,Yes
EMP00587,Marketing,38,100060,3,42,60.6,No
EMP00588,IT,27,117131,4,40,57.2,No
EMP00589,Customer Support,41,95940,4,64,63.6,No
EMP00590,Sales,49,107729,15,46,68.6,No
EMP00591,Sales,31,89245,23,32,82.6,Yes
EMP00592,Finance,30,102656,23,45,92.4,Yes
EMP00593,HR,53,112125,22,49,86.0,Yes
EMP00594,Customer Support,22,79426,15,65,85.0,Yes
EMP00595,Engineering,27,116379,4,38,42.0,No
EMP00596,Marketing,24,91926,5,42,57.2,No
EMP00597,Sales,26,78312,3,31,42.0,No
EMP00598,IT,49,132814,3,51,49.0,No
EMP00599,HR,50,112943,6,57,72.0,No
EMP00600,Customer Support,22,67062,22,57,96.8,Yes
EMP00601,IT,34,125414,9,47,60.4,No
EMP00602,Marketing,23,93947,21,48,91.6,Yes
EMP00603,Engineering,56,156367,2,35,48.6,No
EMP00604,Customer Support,29,77964,7,63,82.4,No
EMP00605,HR,55,121718,13,52,83.6,Yes
EMP00606,Operations,52,119938,19,62,95.4,Yes
EMP00607,IT,38,135166,1,50,50.8,No
EMP00608,Sales,22,88748,2,60,62.6,No
EMP00609,Marketing,58,127721,6,36,51.4,No
EMP00610,Admin,38,89789,24,33,93.0,Yes
EMP00611,Operations,45,108751,6,41,65.4,No
EMP00612,Operations,41,107723,19,31,82.8,Yes
EMP00613,IT,57,154529,19,42,88.4,Yes
EMP00614,IT,40,120957,16,32,61.0,No
EMP00615,Marketing,35,107662,1,63,51.6,No
EMP00616,Marketing,42,106215,5,51,61.6,No
EMP00617,HR,24,72434,5,39,60.4,No
EMP00618,Finance,44,127002,12,55,69.6,No
EMP00619,Sales,42,100561,11,38,67.6,No
EMP00620,Operations,52,121092,6,65,68.8,No
EMP00621,IT,58,149250,13,49,68.8,No
EMP00622,HR,32,96995,23,55,87.4,Yes
EMP00623,Operations,32,103931,20,44,77.4,Yes
EMP00624,IT,52,140198,11,34,63.2,No
EMP00625,IT,41,130201,21,35,84.8,Yes
EMP00626,Sales,21,72421,7,45,62.6,No
EMP00627,Finance,37,100977,24,30,85.2,Yes
EMP00628,Customer Support,49,109957,6,56,68.4,No
EMP00629,Admin,43,104311,13,36,75.0,Yes
EMP00630,IT,35,113094,15,34,68.4,No
EMP00631,Operations,22,75831,9,36,59.8,No
EMP00632,Customer Support,31,90125,6,34,45.2,No
EMP00633,Engineering,42,144533,23,31,92.0,Yes
EMP00634,Customer Support,31,75518,6,33,52.6,No
EMP00635,Marketing,34,108498,14,65,84.2,Yes
EMP00636,Sales,39,93426,8,36,60.0,No
EMP00637,Admin,57,107186,16,39,75.2,Yes
EMP00638,Customer Support,21,79867,3,48,61.2,No
EMP00639,Finance,33,100197,1,43,59.6,No
EMP00640,Finance,39,111904,16,37,75.0,Yes
EMP00641,Engineering,51,144186,22,46,99.2,Yes
EMP00642,Customer Support,55,113499,6,53,65.6,No
EMP00643,Engineering,32,132809,2,46,57.2,No
EMP00644,Marketing,37,99352,9,33,51.0,No
EMP00645,Operations,26,97524,18,56,85.0,Yes
EMP00646,HR,56,120917,13,63,90.2,Yes
EMP00647,Marketing,51,113787,16,49,82.2,Yes
EMP00648,Admin,23,83326,19,63,100.0,Yes
EMP00649,Finance,30,96664,25,58,96.8,Yes
EMP00650,Marketing,34,104673,5,32,42.2,No
EMP00651,Marketing,48,127098,21,39,81.2,Yes
EMP00652,Finance,41,122430,3,54,61.8,No
EMP00653,Operations,56,129212,9,63,66.0,No
EMP00654,Admin,60,122580,14,37,63.4,No
EMP00655,Finance,30,100374,4,36,57.8,No
EMP00656,Customer Support,43,102511,9,54,78.6,Yes
EMP00657,Engineering,59,159824,2,41,52.2,No
EMP00658,Customer Support,30,81862,2,55,55.6,No
EMP00659,Engineering,24,109462,9,53,70.0,No
EMP00660,Sales,40,96218,9,61,71.8,No
EMP00661,Sales,29,90314,24,58,98.0,Yes
EMP00662,Finance,47,118326,7,58,72.4,No
EMP00663,Admin,52,116284,12,33,58.4,No
EMP00664,Sales,25,88218,23,62,94.6,Yes
EMP00665,HR,54,111377,6,42,49.0,No
EMP00666,HR,36,95008,15,33,64.8,No
EMP00667,Operations,38,105607,15,62,96.2,Yes
EMP00668,HR,28,89616,8,53,77.2,Yes
EMP00669,IT,49,140260,16,65,90.8,Yes
EMP00670,Sales,31,91541,24,35,76.2,Yes
EMP00671,HR,45,101253,6,43,68.6,No
EMP00672,Marketing,35,108819,9,56,61.8,No
EMP00673,Engineering,21,124898,5,41,45.6,No
EMP00674,Sales,35,96023,20,49,90.4,Yes
EMP00675,Operations,45,108150,15,46,80.6,Yes
EMP00676,Admin,40,104152,20,55,84.0,Yes
EMP00677,Admin,21,80597,22,53,100.0,Yes
EMP00678,Sales,59,131585,10,36,53.6,No
EMP00679,Sales,42,104472,21,50,87.8,Yes
EMP00680,Marketing,40,105874,5,63,59.8,No
EMP00681,Customer Support,59,110385,22,50,81.6,Yes
EMP00682,Sales,52,120657,9,56,73.8,No
EMP00683,Marketing,23,95118,11,44,78.2,Yes
EMP00684,Operations,51,113770,17,49,89.0,Yes
EMP00685,Sales,32,87592,4,60,63.2,No
EMP00686,IT,56,140126,22,51,89.2,Yes
EMP00687,Marketing,43,115378,24,49,94.6,Yes
EMP00688,Sales,44,112996,19,48,78.0,Yes
EMP00689,HR,51,116673,21,34,76.2,Yes
EMP00690,Finance,53,135961,22,54,93.0,Yes
EMP00691,HR,47,102963,5,38,53.8,No
EMP00692,Engineering,47,142309,5,50,53.0,No
EMP00693,Operations,52,119669,21,41,94.4,Yes
EMP00694,HR,24,75661,15,47,72.2,No
EMP00695,IT,57,142640,16,35,80.8,Yes
EMP00696,Customer Support,48,108243,13,57,81.6,Yes
EMP00697,HR,21,77425,18,42,69.6,No
EMP00698,Admin,41,86335,7,31,63.2,No
EMP00699,Marketing,36,103426,23,52,88.6,Yes
EMP00700,Customer Support,27,72872,17,49,74.0,No
EMP00701,Sales,23,89648,10,59,84.4,Yes
EMP00702,Operations,54,123030,14,38,75.0,Yes
EMP00703,Marketing,43,102226,6,55,62.8,No
EMP00704,IT,35,131323,7,31,59.2,No
EMP00705,Finance,31,104494,12,32,72.8,No
EMP00706,Admin,37,100861,20,33,68.8,No
EMP00707,HR,27,86056,2,37,51.8,No
EMP00708,Finance,45,124545,18,46,76.0,Yes
EMP00709,HR,34,84108,10,56,79.6,Yes
EMP00710,IT,38,132363,14,36,77.8,Yes
EMP00711,Sales,28,94909,4,36,46.8,No
EMP00712,Marketing,59,137942,25,46,90.6,Yes
EMP00713,Customer Support,43,87891,10,40,71.0,No
EMP00714,Marketing,52,123233,23,60,96.4,Yes
EMP00715,HR,21,68818,22,35,90.6,Yes
EMP00716,IT,52,134859,3,62,57.6,No
EMP00717,Marketing,37,103054,15,48,81.8,Yes
EMP00718,Finance,24,93321,6,32,53.0,No
EMP00719,Customer Support,41,87312,24,37,78.4,Yes
EMP00720,IT,21,105969,22,40,86.6,Yes
EMP00721,Sales,49,116010,24,35,86.2,Yes
EMP00722,Finance,32,108359,13,55,76.4,Yes
EMP00723,Engineering,45,137704,14,40,65.2,No
EMP00724,IT,24,118157,4,56,67.8,No
EMP00725,Engineering,57,160150,6,54,74.2,No
EMP00726,IT,22,100100,16,61,90.4,Yes
EMP00727,HR,49,109096,3,46,45.0,No
EMP00728,Marketing,54,131809,22,51,98.2,Yes
EMP00729,Finance,60,142791,14,45,75.2,Yes
EMP00730,IT,45,124381,18,33,84.2,Yes
EMP00731,Admin,31,79619,16,61,79.4,Yes
EMP00732,Operations,52,118514,8,51,58.0,No
EMP00733,Marketing,53,126814,18,54,83.8,Yes
EMP00734,Engineering,26,114084,15,58,88.8,Yes
EMP00735,Operations,49,106382,4,61,58.8,No
EMP00736,Customer Support,46,108192,2,65,54.6,No
EMP00737,Sales,26,82978,17,65,100.0,Yes
EMP00738,Operations,50,114304,12,33,67.4,No
EMP00739,Admin,42,99304,25,60,100.0,Yes
EMP00740,Finance,28,88671,25,44,93.4,Yes
EMP00741,Sales,43,108851,18,63,85.2,Yes
EMP00742,IT,23,111009,16,38,66.6,No
EMP00743,Marketing,37,107274,7,37,52.8,No
EMP00744,Marketing,50,113531,23,51,97.0,Yes
EMP00745,Finance,23,97587,25,58,100.0,Yes
EMP00746,IT,53,150978,16,30,59.8,No
EMP00747,Customer Support,56,118857,19,60,87.2,Yes
EMP00748,IT,58,142993,24,38,90.0,Yes
EMP00749,Operations,59,131518,17,54,94.0,Yes
EMP00750,Sales,36,97839,13,51,80.0,Yes
EMP00751,IT,29,114594,14,62,91.4,Yes
EMP00752,Admin,41,92782,21,43,81.6,Yes
EMP00753,Sales,60,121347,22,52,100.0,Yes
EMP00754,Admin,32,79181,18,50,85.4,Yes
EMP00755,Engineering,56,164694,19,56,88.8,Yes
EMP00756,HR,48,98428,17,36,76.2,Yes
EMP00757,HR,30,82550,22,33,79.4,Yes
EMP00758,Sales,31,86998,22,46,80.2,Yes
EMP00759,Marketing,39,97858,25,64,100.0,Yes
EMP00760,Finance,49,121150,20,65,100.0,Yes
EMP00761,Customer Support,56,111625,8,62,64.6,No
EMP00762,Customer Support,45,107092,14,50,68.2,No
EMP00763,Sales,21,77590,7,58,79.4,No
EMP00764,Admin,44,96140,24,42,89.4,Yes
EMP00765,IT,49,134926,22,34,77.0,Yes
EMP00766,Finance,53,132641,13,32,62.6,No
EMP00767,Sales,56,131336,5,40,53.0,No
EMP00768,Operations,21,73508,15,39,66.4,No
EMP00769,HR,41,105274,25,49,100.0,Yes
EMP00770,Operations,56,131416,3,50,54.4,No
EMP00771,Admin,32,80622,3,62,67.6,No
EMP00772,Admin,55,114449,13,35,63.4,No
EMP00773,Operations,34,97419,11,53,69.6,No
EMP00774,Admin,60,109288,16,65,82.8,Yes
EMP00775,Engineering,43,132906,8,45,63.4,No
EMP00776,Finance,45,126702,13,46,72.0,No
EMP00777,Admin,22,80252,25,53,100.0,Yes
EMP00778,Engineering,49,145108,2,48,54.4,No
EMP00779,Finance,53,136228,4,40,60.2,No
EMP00780,Finance,21,94100,7,43,53.4,No
EMP00781,Admin,34,80163,23,57,91.6,Yes
EMP00782,Engineering,22,107641,23,51,86.0,Yes
EMP00783,HR,25,88287,6,46,52.4,No
EMP00784,Marketing,57,131115,9,56,75.8,Yes
EMP00785,Customer Support,46,102963,11,31,53.4,No
EMP00786,HR,55,125189,21,34,71.2,No
EMP00787,Operations,25,86497,17,36,73.2,No
EMP00788,Finance,59,138298,10,58,76.8,Yes
EMP00789,Engineering,22,113604,6,64,65.2,No
EMP00790,Admin,46,101966,10,39,73.4,No
EMP00791,HR,44,97432,18,65,86.4,Yes
EMP00792,HR,23,85201,19,55,96.2,Yes
EMP00793,Sales,26,83138,7,52,68.8,No
EMP00794,IT,53,140834,6,41,66.4,No
EMP00795,Marketing,37,112989,4,41,44.8,No
EMP00796,Engineering,56,149596,21,65,97.8,Yes
EMP00797,Sales,25,94024,4,42,59.4,No
EMP00798,Operations,42,100678,5,45,57.0,No
EMP00799,Finance,60,142920,7,50,68.6,No
EMP00800,Sales,42,113932,23,39,94.8,Yes
EMP00801,Operations,44,99958,14,40,71.2,No
EMP00802,Marketing,36,102266,23,57,98.6,Yes
EMP00803,Operations,29,96393,16,59,87.2,Yes
EMP00804,Engineering,40,133759,18,36,86.0,Yes
EMP00805,Finance,59,143449,9,38,57.0,No
EMP00806,Finance,37,100010,24,34,91.6,Yes
EMP00807,Customer Support,22,62601,25,43,99.8,Yes
EMP00808,Admin,37,86270,18,60,91.4,Yes
EMP00809,Marketing,46,109587,25,48,99.8,Yes
EMP00810,Admin,53,112523,3,55,66.4,No
EMP00811,Marketing,21,92047,20,40,76.0,Yes
EMP00812,IT,49,144643,6,39,57.2,No
EMP00813,Marketing,23,85193,25,61,95.6,Yes
EMP00814,Operations,37,98175,8,32,61.6,No
EMP00815,Customer Support,44,89321,16,59,77.2,Yes
EMP00816,Finance,41,113161,23,63,99.2,Yes
EMP00817,Admin,58,118942,19,41,90.8,Yes
EMP00818,Operations,45,117930,19,34,74.6,No
EMP00819,Marketing,45,115563,17,55,86.6,Yes
EMP00820,Engineering,52,158844,20,30,70.0,No
EMP00821,IT,49,145660,8,34,66.8,No
EMP00822,Marketing,38,100756,5,41,56.6,No
EMP00823,Finance,59,139386,22,44,88.0,Yes
EMP00824,Engineering,28,129296,22,60,93.6,Yes
EMP00825,IT,58,140335,21,56,90.4,Yes
EMP00826,IT,23,102014,19,40,90.2,Yes
EMP00827,HR,53,105432,19,39,74.6,No
EMP00828,IT,37,134039,17,55,93.6,Yes
EMP00829,Sales,22,86119,3,43,62.2,No
EMP00830,Engineering,51,154660,6,44,68.2,No
EMP00831,IT,30,114667,20,62,90.2,Yes
EMP00832,Engineering,42,137930,20,34,80.4,Yes
EMP00833,IT,45,130630,4,31,53.8,No
EMP00834,Customer Support,53,104413,5,36,57.6,No
EMP00835,HR,60,115850,18,62,83.6,Yes
EMP00836,IT,51,131239,20,64,100.0,Yes
EMP00837,Admin,48,96023,14,53,85.0,Yes
EMP00838,Marketing,48,119085,16,54,91.2,Yes
EMP00839,Finance,57,131740,14,38,75.0,Yes
EMP00840,Finance,35,110390,10,64,76.4,Yes
EMP00841,HR,33,98539,23,30,87.4,Yes
EMP00842,Admin,28,77331,1,54,56.2,No
EMP00843,Operations,47,117361,4,39,62.6,No
EMP00844,Sales,58,128479,9,64,84.6,Yes
EMP00845,Sales,44,104474,22,55,97.6,Yes
EMP00846,Admin,56,116331,16,41,82.4,Yes
EMP00847,Engineering,56,166128,9,49,68.6,No
EMP00848,IT,46,132729,22,37,87.8,Yes
EMP00849,Finance,31,105325,7,62,71.8,No
EMP00850,HR,56,107373,6,54,57.2,No
EMP00851,Engineering,30,118888,20,57,84.2,Yes
EMP00852,Marketing,37,114356,12,35,55.6,No
EMP00853,Customer Support,45,98387,20,63,100.0,Yes
EMP00854,IT,24,113184,21,61,86.4,Yes
EMP00855,Admin,33,77701,10,42,74.2,No
EMP00856,Admin,53,106153,23,44,80.8,Yes
EMP00857,Marketing,44,107959,21,30,69.8,No
EMP00858,Customer Support,38,93885,12,55,84.6,Yes
EMP00859,Admin,33,79554,1,34,51.2,No
EMP00860,Admin,39,95186,19,52,85.4,Yes
EMP00861,Marketing,35,110838,15,55,72.0,No
EMP00862,IT,37,117888,14,62,91.4,Yes
EMP00863,Admin,25,70834,10,51,76.6,Yes
EMP00864,Admin,37,95908,19,46,85.8,Yes
EMP00865,Engineering,57,159530,25,45,98.0,Yes
EMP00866,HR,50,108448,16,37,65.0,No
EMP00867,Marketing,45,114345,22,44,91.0,Yes
EMP00868,Admin,43,97229,18,30,69.4,No
EMP00869,Finance,39,104291,13,51,83.0,Yes
EMP00870,Engineering,32,125561,11,52,81.0,Yes
EMP00871,IT,38,131951,24,42,86.4,Yes
EMP00872,Marketing,36,100710,9,43,60.0,No
EMP00873,Operations,36,94128,5,36,44.6,No
EMP00874,HR,52,103784,25,64,100.0,Yes
EMP00875,Operations,44,115882,16,47,74.0,No
EMP00876,Sales,53,127496,13,44,65.8,No
EMP00877,Admin,24,83519,14,60,74.2,No
EMP00878,Operations,53,125581,13,41,63.0,No
EMP00879,Engineering,54,145187,11,30,55.8,No
EMP00880,Finance,45,117509,11,53,68.6,No
EMP00881,Sales,56,127645,8,47,73.6,No
EMP00882,Operations,42,111291,6,61,65.4,No
EMP00883,Operations,47,112562,12,55,80.6,Yes
EMP00884,IT,32,111672,19,44,80.6,Yes
EMP00885,Admin,36,86624,14,54,73.6,No
EMP00886,Engineering,30,129812,1,41,53.4,No
EMP00887,Admin,29,87745,18,50,83.4,Yes
EMP00888,Admin,37,94454,19,33,69.0,No
EMP00889,HR,31,92815,7,46,72.2,No
EMP00890,Engineering,27,120912,24,51,96.8,Yes
EMP00891,Admin,44,101076,18,46,72.0,No
EMP00892,Finance,47,130302,12,42,76.8,Yes
EMP00893,IT,55,147636,25,48,95.8,Yes
EMP00894,Engineering,53,146169,25,58,100.0,Yes
EMP00895,Sales,60,122491,15,39,82.4,Yes
EMP00896,Customer Support,42,87737,21,55,84.8,Yes
EMP00897,Operations,31,94583,8,50,76.4,Yes
EMP00898,Sales,39,100688,20,55,95.0,Yes
EMP00899,Admin,44,95282,15,56,77.6,Yes
EMP00900,IT,22,104645,24,45,84.2,Yes
EMP00901,IT,34,113931,13,36,59.0,No
EMP00902,Admin,51,111209,2,31,50.2,No
EMP00903,Finance,26,88962,9,39,71.6,No
EMP00904,Sales,45,108311,8,45,67.4,No
EMP00905,IT,29,105736,17,40,67.6,No
EMP00906,Operations,43,116313,16,59,84.2,Yes
EMP00907,Engineering,56,153001,5,64,77.4,No
EMP00908,Engineering,59,167952,21,57,100.0,Yes
EMP00909,Sales,55,128683,12,60,76.6,Yes
EMP00910,Engineering,26,124707,10,53,69.8,No
EMP00911,Sales,30,98148,1,30,35.8,No
EMP00912,Sales,43,96872,16,64,94.2,Yes
EMP00913,Sales,51,115798,1,57,67.0,No
EMP00914,HR,35,88179,18,53,89.2,Yes
EMP00915,Customer Support,56,107550,13,45,82.4,Yes
EMP00916,Customer Support,45,91595,8,46,67.0,No
EMP00917,Admin,36,89528,25,47,100.0,Yes
EMP00918,Sales,55,113243,14,42,67.4,No
EMP00919,Sales,29,94636,4,59,62.6,No
EMP00920,Engineering,60,152635,7,50,58.6,No
EMP00921,Admin,24,69151,1,41,47.4,No
EMP00922,IT,38,115868,23,58,95.2,Yes
EMP00923,IT,26,108316,1,61,60.4,No
EMP00924,Sales,47,116594,16,53,73.6,No
EMP00925,Finance,42,107236,25,39,88.4,Yes
EMP00926,Finance,46,116150,18,60,86.4,Yes
EMP00927,Customer Support,37,87557,1,37,48.0,No
EMP00928,Marketing,49,115326,24,32,88.4,Yes
EMP00929,Admin,27,84893,22,43,89.4,Yes
EMP00930,Operations,40,113008,6,32,58.0,No
EMP00931,Sales,28,85111,16,49,81.2,Yes
EMP00932,Marketing,24,93026,4,45,56.2,No
EMP00933,IT,21,108169,9,37,57.4,No
EMP00934,HR,21,84736,19,60,86.2,Yes
EMP00935,Finance,44,124181,8,40,52.4,No
EMP00936,Operations,60,120958,25,33,87.8,Yes
EMP00937,Admin,30,88985,4,38,49.0,No
EMP00938,Admin,41,100575,21,52,87.0,Yes
EMP00939,Customer Support,22,69614,12,38,57.4,No
EMP00940,Engineering,52,160184,18,48,88.2,Yes
EMP00941,IT,33,120206,18,52,89.6,Yes
EMP00942,Admin,38,100004,6,34,47.2,No
EMP00943,Sales,49,115829,9,64,80.6,Yes
EMP00944,Admin,21,62813,13,41,79.0,Yes
EMP00945,Marketing,44,120460,11,34,64.2,No
EMP00946,Admin,33,94670,22,61,92.2,Yes
EMP00947,Sales,60,127552,11,56,68.4,No
EMP00948,Admin,27,70834,22,34,76.0,Yes
EMP00949,HR,32,94304,7,36,52.2,No
EMP00950,HR,27,88453,19,54,94.6,Yes
EMP00951,Sales,60,124232,2,53,66.4,No
EMP00952,HR,25,72620,7,61,75.2,No
EMP00953,Operations,24,87893,18,56,79.0,Yes
EMP00954,Sales,60,119306,17,32,70.8,No
EMP00955,Marketing,25,83316,17,36,71.2,No
EMP00956,Customer Support,55,118242,7,42,56.8,No
EMP00957,IT,57,152004,18,65,86.4,Yes
EMP00958,Operations,57,129394,22,59,90.0,Yes
EMP00959,IT,31,123737,18,55,87.4,Yes
EMP00960,Admin,31,85744,20,58,92.8,Yes
EMP00961,Operations,56,128309,12,56,77.2,Yes
EMP00962,Marketing,59,127809,19,64,96.6,Yes
EMP00963,Sales,56,126863,12,58,80.4,Yes
EMP00964,HR,21,82161,10,31,52.6,No
EMP00965,HR,40,95039,10,44,66.4,No
EMP00966,Sales,22,89629,18,62,99.6,Yes
EMP00967,IT,57,153485,4,32,49.4,No
EMP00968,IT,30,125076,9,53,67.0,No
EMP00969,Sales,35,105693,10,35,63.0,No
EMP00970,Marketing,57,129039,24,34,90.6,Yes
EMP00971,Engineering,32,137904,23,36,95.0,Yes
EMP00972,HR,40,90571,24,54,88.6,Yes
EMP00973,Operations,42,101349,14,56,77.8,Yes
EMP00974,HR,59,112573,21,54,91.2,Yes
EMP00975,HR,54,123311,11,64,74.2,No
EMP00976,Admin,41,91219,23,44,80.8,Yes
EMP00977,Engineering,46,138151,25,62,100.0,Yes
EMP00978,Sales,48,106931,13,39,68.8,No
EMP00979,Engineering,26,129161,19,33,78.0,Yes
EMP00980,Finance,37,113637,13,62,76.6,Yes
EMP00981,Engineering,29,130786,18,42,81.6,Yes
EMP00982,Marketing,57,126468,18,63,89.2,Yes
EMP00983,Sales,25,85597,25,57,100.0,Yes
EMP00984,Finance,26,100078,22,56,96.2,Yes
EMP00985,Marketing,43,121060,11,52,83.0,Yes
EMP00986,Sales,22,85890,6,52,73.0,No
EMP00987,Engineering,30,122543,2,44,53.0,No
EMP00988,Finance,30,98964,4,33,58.0,No
EMP00989,Sales,30,84646,1,51,53.4,No
EMP00990,Engineering,49,145648,1,51,61.4,No
EMP00991,Marketing,34,99275,18,63,99.2,Yes
EMP00992,IT,51,143540,23,31,90.0,Yes
EMP00993,HR,54,106769,9,40,61.2,No
EMP00994,Sales,33,84873,2,59,53.0,No
EMP00995,Sales,45,102535,22,53,83.4,Yes
EMP00996,Customer Support,39,98463,8,54,61.8,No
EMP00997,Engineering,41,132084,20,64,91.4,Yes
EMP00998,Admin,33,77304,15,65,79.0,Yes
EMP00999,Admin,36,96254,10,51,72.6,No
EMP01000,HR,31,88845,12,52,84.8,Yes
EMP01001,Marketing,40,100031,17,47,90.8,Yes
EMP01002,Customer Support,37,88581,1,65,59.8,No
EMP01003,Operations,30,85876,13,38,70.2,No
EMP01004,Marketing,54,133572,14,45,68.2,No
EMP01005,Sales,48,117318,20,51,95.6,Yes
EMP01006,Marketing,29,103839,21,38,89.6,Yes
EMP01007,IT,33,114031,10,63,80.8,Yes
EMP01008,IT,30,124262,11,34,69.2,No
EMP01009,IT,28,104566,11,39,65.2,No
EMP01010,Customer Support,47,100371,10,58,68.8,No
EMP01011,Finance,33,95458,5,41,64.6,No
EMP01012,Sales,60,136541,20,44,81.4,Yes
EMP01013,HR,35,97617,12,35,58.6,No
EMP01014,Engineering,53,149628,23,53,97.2,Yes
EMP01015,Engineering,52,148732,5,40,52.0,No
EMP01016,Customer Support,23,71442,25,30,88.0,Yes
EMP01017,Marketing,35,94167,25,43,87.8,Yes
EMP01018,Engineering,49,153792,23,50,90.4,Yes
EMP01019,Customer Support,48,112520,25,32,88.2,Yes
EMP01020,Customer Support,41,101410,20,64,100.0,Yes
EMP01021,Admin,23,79571,4,58,55.0,No
EMP01022,Admin,36,81486,18,55,94.4,Yes
EMP01023,Admin,45,97221,25,33,85.8,Yes
EMP01024,Customer Support,49,108917,10,48,63.8,No
EMP01025,Sales,48,119540,20,33,71.8,No
EMP01026,Engineering,50,143708,3,62,59.6,No
EMP01027,Admin,58,120151,5,55,64.0,No
EMP01028,HR,49,118143,6,59,64.2,No
EMP01029,Finance,50,120373,9,50,61.2,No
EMP01030,Finance,26,98092,23,58,90.2,Yes
EMP01031,Customer Support,54,105039,24,62,100.0,Yes
EMP01032,Customer Support,56,113183,2,40,57.6,No
EMP01033,IT,30,107681,5,41,58.6,No
EMP01034,Sales,40,102462,24,58,100.0,Yes
EMP01035,Finance,32,93515,5,42,65.2,No
EMP01036,HR,37,100739,15,61,92.6,Yes
EMP01037,Engineering,21,124495,8,43,67.2,No
EMP01038,Customer Support,50,114700,15,35,79.0,Yes
EMP01039,Marketing,21,93469,18,47,78.6,Yes
EMP01040,IT,24,110236,5,33,41.8,No
EMP01041,HR,30,86849,22,49,83.0,Yes
EMP01042,Finance,24,89086,14,41,70.8,No
EMP01043,Admin,60,127971,6,59,69.2,No
EMP01044,Finance,23,93178,25,49,97.4,Yes
EMP01045,Finance,45,127037,25,57,93.2,Yes
EMP01046,Engineering,39,135792,5,37,53.2,No
EMP01047,Customer Support,54,106650,17,43,87.4,Yes
EMP01048,Finance,24,86672,19,63,99.0,Yes
EMP01049,Sales,59,124308,14,50,83.2,Yes
EMP01050,Operations,57,132429,5,61,77.6,No
EMP01051,Engineering,52,151918,6,44,55.2,No
EMP01052,Finance,21,84064,1,59,55.2,No
EMP01053,Customer Support,60,117937,14,32,67.4,No
EMP01054,Marketing,56,126428,1,42,47.0,No
EMP01055,Sales,25,93022,10,62,77.2,Yes
EMP01056,Finance,21,91385,22,51,94.2,Yes
EMP01057,HR,57,119230,6,42,58.0,No
EMP01058,Engineering,51,156977,2,38,42.4,No
EMP01059,Admin,50,110564,11,59,68.2,No
EMP01060,Sales,54,127992,19,50,93.2,Yes
EMP01061,Marketing,22,87986,19,51,78.8,Yes
EMP01062,Sales,30,93295,1,51,64.4,No
EMP01063,IT,55,142140,19,54,97.6,Yes
EMP01064,Sales,28,79636,23,50,91.4,Yes
EMP01065,Finance,47,123576,16,45,81.8,Yes
EMP01066,Marketing,40,103734,17,49,75.0,Yes
EMP01067,HR,44,95834,25,42,96.2,Yes
EMP01068,HR,53,108648,16,62,84.0,Yes
EMP01069,Engineering,42,140569,24,63,100.0,Yes
EMP01070,Finance,30,97723,17,38,66.4,No
EMP01071,Customer Support,50,98795,23,63,91.2,Yes
EMP01072,HR,40,98921,22,35,86.6,Yes
EMP01073,Finance,23,83336,17,49,90.0,Yes
EMP01074,Marketing,40,104309,11,42,66.0,No
EMP01075,Admin,38,86455,11,58,74.6,No
EMP01076,IT,30,106499,9,37,69.4,No
EMP01077,Admin,56,121977,4,43,56.0,No
EMP01078,Operations,56,123482,9,39,69.6,No
EMP01079,IT,36,124299,3,49,63.8,No
EMP01080,HR,49,114225,5,31,40.6,No
EMP01081,Customer Support,27,81374,2,35,48.6,No
EMP01082,Engineering,32,128638,20,52,89.2,Yes
EMP01083,Admin,33,95205,3,59,56.8,No
EMP01084,Engineering,26,121370,4,59,74.6,No
EMP01085,Engineering,50,144709,8,44,71.8,No
EMP01086,Operations,37,102224,13,41,70.0,No
EMP01087,Engineering,50,155575,1,34,37.2,No
EMP01088,Engineering,43,140849,15,40,74.0,No
EMP01089,IT,59,154093,17,36,67.2,No
EMP01090,Admin,41,96099,21,34,87.2,Yes
EMP01091,Customer Support,50,102817,19,56,98.8,Yes
EMP01092,Admin,36,92776,6,60,60.8,No
EMP01093,Marketing,42,114665,23,57,100.0,Yes
EMP01094,Admin,42,93071,23,45,82.4,Yes
EMP01095,Engineering,57,159061,4,59,71.6,No
EMP01096,Engineering,27,125697,6,49,54.2,No
EMP01097,Finance,59,136528,22,54,99.0,Yes
EMP01098,Finance,24,102830,7,38,67.4,No
EMP01099,IT,21,110043,22,39,92.0,Yes
EMP01100,Customer Support,39,88211,20,58,88.8,Yes
EMP01101,Sales,41,108445,19,49,86.6,Yes
EMP01102,HR,26,84444,20,62,89.2,Yes
EMP01103,HR,39,88540,12,65,72.6,No
EMP01104,Operations,56,115221,4,48,55.0,No
EMP01105,Customer Support,48,105143,21,50,91.8,Yes
EMP01106,Customer Support,45,94682,18,43,85.2,Yes
EMP01107,Marketing,29,96605,18,54,89.8,Yes
EMP01108,Sales,30,85400,22,38,74.4,No
EMP01109,HR,25,84310,5,61,61.6,No
EMP01110,IT,26,116143,21,56,100.0,Yes
EMP01111,IT,48,141497,15,62,93.2,Yes
EMP01112,Customer Support,49,99888,12,44,73.0,No
EMP01113,HR,59,118557,19,61,98.8,Yes
EMP01114,Customer Support,38,81696,18,53,77.2,Yes
EMP01115,Engineering,57,152108,23,53,100.0,Yes
EMP01116,Finance,51,125356,5,63,72.8,No
EMP01117,Finance,54,127835,17,35,78.6,Yes
EMP01118,Admin,25,68729,19,49,85.6,Yes
EMP01119,HR,55,122798,16,59,91.2,Yes
EMP01120,Operations,57,125054,14,52,77.4,Yes
EMP01121,HR,31,95671,23,49,90.8,Yes
EMP01122,Engineering,24,127571,19,40,71.2,No
EMP01123,HR,39,89503,10,61,70.6,No
EMP01124,Finance,53,122943,9,46,74.8,No
EMP01125,Sales,38,94255,9,30,65.2,No
EMP01126,IT,32,120516,22,58,91.4,Yes
EMP01127,Marketing,37,111681,16,41,66.4,No
EMP01128,Finance,42,121651,5,39,57.4,No
EMP01129,Marketing,45,109481,22,58,92.4,Yes
EMP01130,Operations,57,119200,2,46,44.2,No
EMP01131,Engineering,31,127075,13,60,86.4,Yes
EMP01132,Marketing,55,131551,13,54,75.8,Yes
EMP01133,Admin,30,82463,14,30,69.2,No
EMP01134,Operations,45,104190,17,32,78.8,Yes
EMP01135,Customer Support,43,97576,20,47,84.2,Yes
EMP01136,Finance,38,115709,9,55,68.2,No
EMP01137,Marketing,58,125495,17,51,83.2,Yes
EMP01138,HR,56,109426,22,30,69.6,No
EMP01139,Finance,47,126012,17,36,75.2,Yes
EMP01140,Sales,35,88115,9,42,53.4,No
EMP01141,Finance,60,146640,2,43,61.4,No
EMP01142,Finance,28,100919,3,38,60.2,No
EMP01143,IT,57,146701,4,41,52.8,No
EMP01144,Finance,50,124056,21,59,98.2,Yes
EMP01145,Sales,41,103286,6,34,44.2,No
EMP01146,Customer Support,45,97461,11,33,59.6,No
EMP01147,Engineering,32,124975,3,61,73.0,No
EMP01148,IT,46,128753,21,61,90.4,Yes
EMP01149,Customer Support,55,115469,7,36,54.2,No
EMP01150,HR,27,91121,3,34,45.8,No
EMP01151,HR,49,98828,16,39,65.2,No
EMP01152,Sales,45,111823,5,51,69.6,No
EMP01153,Admin,21,77867,23,61,100.0,Yes
EMP01154,Finance,46,110308,18,44,82.8,Yes
EMP01155,Finance,51,127961,19,64,94.6,Yes
EMP01156,Customer Support,40,94971,2,35,53.6,No
EMP01157,Finance,42,112055,15,48,72.8,No
EMP01158,HR,56,116993,13,42,72.6,No
EMP01159,Operations,27,93751,16,35,67.8,No
EMP01160,HR,29,94229,7,31,50.2,No
EMP01161,Customer Support,52,107483,3,64,70.8,No
EMP01162,Engineering,55,157117,1,32,34.0,No
EMP01163,HR,42,97336,13,37,77.6,Yes
EMP01164,Engineering,54,149680,22,64,100.0,Yes
EMP01165,Finance,35,113020,2,39,59.0,No
EMP01166,Engineering,22,114352,20,32,87.2,Yes
EMP01167,HR,29,84870,6,33,45.6,No
EMP01168,IT,50,133484,19,34,69.6,No
EMP01169,Marketing,52,126366,3,42,52.6,No
EMP01170,Operations,46,106700,4,64,67.6,No
EMP01171,HR,34,91793,19,41,72.8,No
EMP01172,Sales,28,84106,5,56,65.6,No
EMP01173,IT,56,156270,15,45,67.0,No
EMP01174,Finance,29,94969,21,54,82.2,Yes
EMP01175,Finance,52,123279,1,30,33.8,No
EMP01176,Sales,58,118758,14,60,79.2,Yes
EMP01177,Sales,30,94501,17,58,84.4,Yes
EMP01178,HR,32,94780,20,41,91.6,Yes
EMP01179,Sales,26,76349,12,56,84.2,Yes
EMP01180,Marketing,36,96335,4,63,76.0,No
EMP01181,Admin,44,105011,17,44,89.0,Yes
EMP01182,Sales,34,89492,2,42,44.8,No
EMP01183,Engineering,51,142612,6,40,47.8,No
EMP01184,Sales,44,106037,7,57,68.8,No
EMP01185,Engineering,60,153718,2,36,54.2,No
EMP01186,IT,32,125272,1,61,53.4,No
EMP01187,Marketing,25,99421,24,58,100.0,Yes
EMP01188,Customer Support,41,91738,7,50,57.6,No
EMP01189,Marketing,41,112719,4,45,52.2,No
EMP01190,Marketing,45,123172,3,60,68.4,No
EMP01191,Customer Support,24,83769,5,43,60.8,No
EMP01192,Customer Support,32,88399,12,38,62.4,No
EMP01193,Sales,43,100768,7,51,56.2,No
EMP01194,HR,57,112040,9,38,65.0,No
EMP01195,Customer Support,50,102204,6,51,62.4,No
EMP01196,IT,59,159743,21,40,90.8,Yes
EMP01197,Finance,35,113030,14,63,81.0,Yes
EMP01198,Engineering,58,150075,15,47,80.2,Yes
EMP01199,Marketing,36,112187,11,57,73.0,No
EMP01200,IT,58,153289,19,30,65.2,No
EMP01201,Engineering,23,108701,24,62,100.0,Yes
EMP01202,Customer Support,54,114625,16,36,77.4,Yes
EMP01203,Finance,36,111524,18,30,68.4,No
EMP01204,Operations,29,84773,10,45,57.0,No
EMP01205,Sales,51,124890,6,59,76.2,No
EMP01206,Engineering,22,119682,15,38,66.8,No
EMP01207,Engineering,44,135116,23,30,83.4,Yes
EMP01208,Admin,42,101355,2,48,52.4,No
EMP01209,Admin,60,111652,19,43,91.0,Yes
EMP01210,HR,42,92089,17,53,77.4,Yes
EMP01211,Operations,45,112979,15,32,69.2,No
EMP01212,Admin,32,93774,23,34,79.8,Yes
EMP01213,Operations,29,85521,8,64,84.8,Yes
EMP01214,Marketing,51,121700,25,44,94.4,Yes
EMP01215,Admin,38,91681,22,57,86.8,Yes
EMP01216,Operations,25,92932,12,58,84.4,Yes
EMP01217,Finance,54,137260,16,64,88.2,Yes
EMP01218,Operations,49,111971,22,34,86.0,Yes
EMP01219,Finance,26,95649,13,41,62.0,No
EMP01220,IT,27,107248,9,37,65.4,No
EMP01221,Marketing,30,95606,17,31,74.2,No
EMP01222,IT,55,149766,16,52,86.0,Yes
EMP01223,Sales,22,72122,7,34,52.0,No
EMP01224,Operations,54,122492,14,51,82.8,Yes
EMP01225,Admin,58,121607,18,58,88.2,Yes
EMP01226,IT,57,146919,10,40,61.0,No
EMP01227,Operations,51,113060,10,33,60.8,No
EMP01228,Engineering,39,144341,6,40,55.8,No
EMP01229,IT,32,113683,23,39,83.8,Yes
EMP01230,HR,28,88047,11,38,62.6,No
EMP01231,IT,44,123936,7,65,73.6,No
EMP01232,IT,43,139290,12,58,73.4,No
EMP01233,Sales,55,124256,4,31,52.8,No
EMP01234,Engineering,30,116140,11,39,72.2,No
EMP01235,Operations,53,126129,21,48,87.6,Yes
EMP01236,IT,57,149498,19,58,84.0,Yes
EMP01237,HR,51,105029,5,65,69.0,No
EMP01238,Customer Support,22,76013,20,44,85.4,Yes
EMP01239,Operations,26,97317,2,42,56.8,No
EMP01240,Sales,35,89739,7,31,60.2,No
EMP01241,Finance,49,120171,17,55,90.6,Yes
EMP01242,Admin,41,99227,2,53,51.4,No
EMP01243,Operations,48,104999,13,53,76.2,Yes
EMP01244,Operations,43,116983,10,58,66.8,No
EMP01245,Engineering,34,135299,24,56,97.8,Yes
EMP01246,Customer Support,31,76773,24,56,100.0,Yes
EMP01247,Finance,59,135736,5,43,61.8,No
EMP01248,Operations,54,114698,3,54,49.8,No
EMP01249,Sales,47,119612,14,41,75.8,Yes
EMP01250,IT,57,150909,7,41,58.2,No
EMP01251,Engineering,56,166376,2,49,54.0,No
EMP01252,Admin,52,106757,24,59,90.6,Yes
EMP01253,IT,21,110684,9,49,60.6,No
EMP01254,Customer Support,39,89819,6,61,59.4,No
EMP01255,Sales,28,98224,16,34,72.2,No
EMP01256,Engineering,58,158051,19,57,100.0,Yes
EMP01257,Finance,51,135050,12,62,70.8,No
EMP01258,IT,37,119188,19,33,76.0,Yes
EMP01259,IT,50,131733,12,40,65.6,No
EMP01260,Customer Support,44,89396,21,52,90.0,Yes
EMP01261,Admin,39,100638,21,34,76.2,Yes
EMP01262,Finance,32,111216,20,40,82.0,Yes
EMP01263,Sales,41,97340,9,53,77.0,Yes
EMP01264,Operations,58,121087,5,30,55.0,No
EMP01265,Operations,39,107300,25,61,100.0,Yes
EMP01266,Finance,31,108694,7,39,55.0,No
EMP01267,Admin,33,94035,20,63,100.0,Yes
EMP01268,Customer Support,28,72419,15,34,63.4,No
EMP01269,Engineering,22,118280,12,49,67.0,No
EMP01270,Admin,49,101442,25,51,96.6,Yes
EMP01271,Finance,22,86064,8,38,56.2,No
EMP01272,IT,40,120575,7,38,60.4,No
EMP01273,Finance,28,102731,1,60,50.8,No
EMP01274,Finance,33,114037,2,62,53.8,No
EMP01275,Finance,51,118370,9,32,56.4,No
EMP01276,Finance,21,99454,4,43,51.0,No
EMP01277,Operations,32,90169,1,35,42.8,No
EMP01278,Operations,58,133004,12,40,76.6,Yes
EMP01279,Admin,36,83447,19,34,84.6,Yes
EMP01280,Admin,21,71435,7,42,54.8,No
EMP01281,HR,55,113012,24,36,92.8,Yes
EMP01282,Operations,51,122606,23,41,81.0,Yes
EMP01283,Operations,32,92421,13,57,85.6,Yes
EMP01284,Customer Support,35,81050,4,50,63.2,No
EMP01285,Admin,28,82437,5,61,66.6,No
EMP01286,HR,56,123377,3,50,50.4,No
EMP01287,Sales,45,113547,15,49,75.4,Yes
EMP01288,Customer Support,56,108386,10,57,66.2,No
EMP01289,Operations,51,124310,6,30,43.8,No
EMP01290,Engineering,46,139106,17,35,67.6,No
EMP01291,Customer Support,46,95728,23,36,77.0,Yes
EMP01292,Marketing,44,122295,11,42,69.0,No
EMP01293,Marketing,28,92726,14,61,91.8,Yes
EMP01294,Sales,58,126268,25,55,100.0,Yes
EMP01295,Customer Support,59,114938,16,62,82.0,Yes
EMP01296,Finance,50,131034,4,46,61.8,No
EMP01297,IT,35,113731,1,36,37.4,No
EMP01298,HR,52,122211,6,54,65.2,No
EMP01299,Sales,30,83507,20,36,85.6,Yes
EMP01300,Engineering,52,158715,7,48,68.4,No
EMP01301,Sales,53,126312,18,51,92.0,Yes
EMP01302,HR,22,78970,14,37,73.4,No
EMP01303,Customer Support,41,85379,15,59,75.4,Yes
EMP01304,Admin,32,80778,22,49,96.0,Yes
EMP01305,IT,48,143572,10,54,65.4,No
EMP01306,Engineering,57,166074,22,65,100.0,Yes
EMP01307,Engineering,51,157803,18,40,69.4,No
EMP01308,Sales,46,111759,16,54,82.2,Yes
EMP01309,HR,41,93400,1,32,44.0,No
EMP01310,HR,43,104070,25,51,90.6,Yes
EMP01311,Operations,48,116110,12,56,68.2,No
EMP01312,Marketing,36,112616,8,49,57.8,No
EMP01313,Sales,25,80563,4,51,49.8,No
EMP01314,Operations,55,126843,2,59,69.0,No
EMP01315,Customer Support,53,113991,9,31,64.8,No
EMP01316,Operations,22,83965,13,54,85.8,Yes
EMP01317,Engineering,27,123408,4,43,60.0,No
EMP01318,Operations,53,122505,6,49,65.2,No
EMP01319,Engineering,33,137158,21,34,76.2,Yes
EMP01320,Sales,39,110593,2,49,57.0,No
EMP01321,Finance,35,116394,23,36,85.0,Yes
EMP01322,Finance,38,116173,19,63,97.0,Yes
EMP01323,Operations,34,104336,3,49,55.8,No
EMP01324,Admin,48,108176,11,42,69.0,No
EMP01325,Admin,37,87317,15,65,78.0,Yes
EMP01326,IT,54,141778,19,61,96.8,Yes
EMP01327,Admin,38,101150,20,57,100.0,Yes
EMP01328,Admin,24,80954,7,53,60.4,No
EMP01329,IT,36,127466,24,49,97.6,Yes
EMP01330,Finance,41,117714,21,43,83.6,Yes
EMP01331,IT,39,130099,9,45,62.2,No
EMP01332,IT,28,111647,7,31,52.2,No
EMP01333,Engineering,50,153828,18,57,98.6,Yes
EMP01334,Marketing,23,82070,6,47,51.0,No
EMP01335,Sales,37,95166,22,65,100.0,Yes
EMP01336,Engineering,23,110350,1,33,43.6,No
EMP01337,Sales,59,127709,3,56,53.0,No
EMP01338,IT,46,143909,8,37,64.6,No
EMP01339,Admin,28,78851,22,63,100.0,Yes
EMP01340,Marketing,26,91469,20,37,80.2,Yes
EMP01341,Customer Support,58,118456,24,45,88.2,Yes
EMP01342,Finance,30,99996,6,43,62.6,No
EMP01343,Sales,47,117468,19,33,83.0,Yes
EMP01344,Finance,44,121686,11,64,85.2,Yes
EMP01345,Sales,36,103772,5,53,63.8,No
EMP01346,HR,40,89791,21,32,76.0,Yes
EMP01347,Admin,37,93290,13,49,67.8,No
EMP01348,Marketing,55,116257,15,54,83.4,Yes
EMP01349,Sales,37,99145,3,45,50.4,No
EMP01350,Engineering,31,130513,21,50,80.8,Yes
EMP01351,Finance,38,116036,25,61,100.0,Yes
EMP01352,Customer Support,42,93951,4,40,59.2,No
EMP01353,Operations,25,87707,14,65,90.2,Yes
EMP01354,HR,22,80929,21,41,94.4,Yes
EMP01355,HR,29,84812,13,42,70.6,No
EMP01356,Finance,57,131579,4,40,59.2,No
EMP01357,Customer Support,29,85475,11,58,70.6,No
EMP01358,IT,37,123633,22,50,87.6,Yes
EMP01359,Customer Support,26,79094,12,41,70.2,No
EMP01360,Marketing,57,136701,1,31,52.4,No
EMP01361,Marketing,60,128496,3,59,60.8,No
EMP01362,HR,31,96873,13,57,77.6,Yes
EMP01363,Finance,30,109587,12,40,60.6,No
EMP01364,Admin,21,78392,14,59,75.6,Yes
EMP01365,Marketing,35,101435,7,47,67.8,No
EMP01366,IT,45,143663,14,43,69.0,No
EMP01367,Marketing,39,110186,14,41,65.8,No
EMP01368,Sales,22,86177,9,45,62.2,No
EMP01369,Engineering,44,148164,3,30,39.4,No
EMP01370,Customer Support,41,96766,22,43,90.4,Yes
EMP01371,Sales,59,134051,3,36,40.0,No
EMP01372,Operations,24,87409,8,60,81.4,Yes
EMP01373,HR,59,127332,1,46,60.4,No
EMP01374,Sales,45,103333,13,53,84.2,Yes
EMP01375,IT,23,114106,9,40,67.2,No
EMP01376,Engineering,42,140797,5,35,58.0,No
EMP01377,IT,48,137865,9,37,51.4,No
EMP01378,Engineering,29,128893,9,53,69.0,No
EMP01379,Sales,37,103679,17,50,77.6,Yes
EMP01380,Engineering,41,147408,25,39,100.0,Yes
EMP01381,HR,49,100588,7,39,55.0,No
EMP01382,HR,32,83759,16,46,82.4,Yes
EMP01383,Finance,48,127067,16,32,71.0,No
EMP01384,Engineering,56,150886,15,61,79.6,Yes
EMP01385,Operations,28,89909,3,43,48.2,No
EMP01386,Admin,31,93321,9,43,54.0,No
EMP01387,IT,54,142866,14,34,72.6,No
EMP01388,Operations,27,83397,1,48,54.6,No
EMP01389,Finance,44,108746,11,39,57.2,No
EMP01390,Engineering,50,159470,15,47,67.2,No
EMP01391,HR,42,101046,21,58,100.0,Yes
EMP01392,Marketing,29,95389,2,48,45.4,No
EMP01393,Admin,25,70032,20,54,92.4,Yes
EMP01394,IT,37,117322,8,55,59.4,No
EMP01395,IT,34,120136,13,55,88.4,Yes
EMP01396,Finance,30,105167,10,61,75.6,Yes
EMP01397,IT,59,152840,12,36,71.2,No
EMP01398,Engineering,33,135211,15,54,79.4,Yes
EMP01399,Customer Support,57,115466,3,57,70.6,No
EMP01400,Customer Support,32,76445,21,57,85.0,Yes
EMP01401,Operations,53,115681,15,44,80.4,Yes
EMP01402,Admin,54,117142,3,48,59.2,No
EMP01403,Engineering,26,115387,10,39,62.4,No
EMP01404,Admin,36,98829,14,48,67.0,No
EMP01405,Finance,56,125726,2,62,68.8,No
EMP01406,Customer Support,48,111227,4,59,62.6,No
EMP01407,Sales,43,113096,19,35,67.2,No
EMP01408,Engineering,28,126476,6,41,48.4,No
EMP01409,Customer Support,26,76487,23,49,100.0,Yes
EMP01410,Engineering,50,151184,20,46,80.6,Yes
EMP01411,IT,34,114284,3,46,58.0,No
EMP01412,HR,55,109823,1,55,46.8,No
EMP01413,Engineering,31,136922,15,55,87.0,Yes
EMP01414,Operations,40,104917,23,55,88.4,Yes
EMP01415,IT,29,108467,1,42,39.0,No
EMP01416,HR,33,84356,7,60,80.6,No
EMP01417,Customer Support,36,84455,21,64,90.2,Yes
EMP01418,Engineering,40,141824,5,60,57.0,No
EMP01419,IT,28,119494,5,58,70.8,No
EMP01420,Engineering,22,112997,19,45,82.2,Yes
EMP01421,Customer Support,57,103658,2,51,49.2,No
EMP01422,Customer Support,48,102128,16,65,80.8,Yes
EMP01423,Customer Support,52,116767,16,62,97.0,Yes
EMP01424,Marketing,52,129711,23,33,73.2,No
EMP01425,Operations,48,113376,18,34,84.8,Yes
EMP01426,Engineering,47,147762,4,61,69.8,No
EMP01427,HR,48,103898,6,48,66.6,No
EMP01428,Engineering,43,138799,8,62,81.6,Yes
EMP01429,Engineering,42,143191,5,48,62.8,No
EMP01430,Engineering,44,142055,6,43,50.6,No
EMP01431,IT,51,136322,6,42,67.0,No
EMP01432,Finance,52,127350,14,61,80.8,Yes
EMP01433,Admin,34,89556,2,31,42.2,No
EMP01434,IT,43,122647,6,62,62.0,No
EMP01435,Customer Support,42,89354,4,44,62.6,No
EMP01436,Engineering,35,133640,9,51,59.8,No
EMP01437,Sales,56,132001,5,62,61.2,No
EMP01438,Engineering,24,112269,15,37,80.2,Yes
EMP01439,Finance,60,143623,18,32,66.6,No
EMP01440,Finance,31,97345,7,53,65.4,No
EMP01441,Admin,49,100855,16,36,82.4,Yes
EMP01442,Operations,44,106415,5,37,57.2,No
EMP01443,HR,47,107584,8,60,71.4,No
EMP01444,IT,53,145803,3,47,58.6,No
EMP01445,Marketing,44,116618,5,63,65.8,No
EMP01446,Customer Support,29,84832,14,56,86.8,Yes
EMP01447,HR,44,93125,15,39,78.4,Yes
EMP01448,Finance,25,98161,11,50,66.8,No
EMP01449,HR,48,102546,13,32,72.6,No
EMP01450,Admin,24,78972,10,56,80.6,Yes
EMP01451,Operations,40,104167,12,30,67.6,No
EMP01452,IT,60,156620,23,55,100.0,Yes
EMP01453,Admin,34,89113,20,58,100.0,Yes
EMP01454,Marketing,46,106411,10,35,68.0,No
EMP01455,Customer Support,42,102454,24,38,95.0,Yes
EMP01456,Marketing,39,114880,3,62,63.6,No
EMP01457,Operations,54,112567,25,40,81.0,Yes
EMP01458,Sales,55,124852,8,49,71.8,No
EMP01459,HR,28,90229,12,46,72.2,No
EMP01460,HR,28,88304,25,37,88.2,Yes
EMP01461,HR,57,116136,15,51,87.6,Yes
EMP01462,Admin,57,116879,20,44,83.4,Yes
EMP01463,IT,39,133828,23,54,92.8,Yes
EMP01464,Operations,27,91238,17,42,81.8,Yes
EMP01465,IT,27,115902,23,57,89.6,Yes
EMP01466,HR,26,86805,14,38,66.0,No
EMP01467,Finance,49,126997,12,63,89.4,Yes
EMP01468,Admin,56,112840,25,55,100.0,Yes
EMP01469,Customer Support,52,111061,15,61,80.6,Yes
EMP01470,Admin,30,87998,5,61,61.6,No
EMP01471,Admin,53,115523,4,43,60.0,No
EMP01472,IT,23,101491,18,53,95.2,Yes
EMP01473,Finance,47,130135,4,53,60.0,No
EMP01474,Admin,23,76772,5,37,52.2,No
EMP01475,Sales,44,98716,10,61,70.6,No
EMP01476,Customer Support,30,80289,2,49,51.0,No
EMP01477,Engineering,32,136341,1,37,47.0,No
EMP01478,HR,25,88778,14,60,82.2,Yes
EMP01479,Engineering,57,163972,11,54,83.2,Yes
EMP01480,IT,29,119543,17,59,92.0,Yes
EMP01481,Operations,30,95688,3,56,58.0,No
EMP01482,Operations,46,116719,18,32,71.6,No
EMP01483,IT,26,119943,23,31,92.0,Yes
EMP01484,Admin,40,103328,21,37,74.0,No
EMP01485,Admin,33,95285,19,33,82.0,Yes
EMP01486,Engineering,33,123541,17,31,78.2,Yes
EMP01487,HR,32,86437,9,43,72.0,No
EMP01488,Finance,49,126966,18,50,92.4,Yes
EMP01489,Engineering,23,121920,1,51,49.4,No
EMP01490,HR,47,108917,17,50,80.6,Yes
EMP01491,Finance,26,91710,4,64,66.6,No
EMP01492,IT,30,111053,9,35,58.2,No
EMP01493,IT,47,132346,2,50,45.6,No
EMP01494,Sales,24,84287,13,36,61.0,No
EMP01495,Operations,47,107363,9,54,61.6,No
EMP01496,Marketing,33,105753,25,45,100.0,Yes
EMP01497,Customer Support,53,100586,4,47,57.4,No
EMP01498,Admin,50,112865,14,34,57.6,No
EMP01499,Marketing,47,124555,1,47,60.0,No
EMP01500,Marketing,27,86514,25,65,100.0,Yes
EMP01501,Customer Support,57,119798,15,35,66.0,No
EMP01502,Operations,30,91033,18,40,85.4,Yes
EMP01503,Admin,48,94632,15,32,72.2,No
EMP01504,Sales,60,117017,21,40,74.8,No
EMP01505,Sales,51,118656,20,46,86.6,Yes
EMP01506,Admin,34,83089,10,32,66.2,No
EMP01507,Finance,57,136353,10,35,54.0,No
EMP01508,Admin,29,78709,9,57,81.4,Yes
EMP01509,Operations,53,119164,22,51,96.2,Yes
EMP01510,Marketing,38,106794,22,50,87.6,Yes
EMP01511,Operations,50,107067,1,38,55.6,No
EMP01512,HR,51,114738,1,41,55.4,No
EMP01513,Customer Support,52,99940,18,35,82.4,Yes
EMP01514,Engineering,22,117966,22,37,85.8,Yes
EMP01515,Operations,59,118076,13,41,63.0,No
EMP01516,Operations,50,107306,7,58,66.4,No
EMP01517,Sales,22,77675,22,52,84.8,Yes
EMP01518,Sales,60,124676,23,44,94.8,Yes
EMP01519,HR,44,112658,9,61,70.8,No
EMP01520,Marketing,21,78835,21,55,90.8,Yes
EMP01521,Admin,57,123480,16,40,70.8,No
EMP01522,IT,57,140531,3,38,44.2,No
EMP01523,Marketing,37,100686,17,47,70.8,No
EMP01524,Sales,55,125874,22,65,90.6,Yes
EMP01525,HR,48,110932,11,57,74.0,No
EMP01526,Admin,28,82444,15,61,91.6,Yes
EMP01527,Marketing,23,91364,2,47,60.8,No
EMP01528,Operations,49,112176,1,55,56.8,No
EMP01529,HR,26,85087,24,44,83.6,Yes
EMP01530,Marketing,36,103384,6,51,55.4,No
EMP01531,HR,27,73187,16,57,93.0,Yes
EMP01532,Sales,42,110918,8,36,55.0,No
EMP01533,HR,42,98157,11,63,71.6,No
EMP01534,Engineering,59,165429,25,36,96.6,Yes
EMP01535,Finance,28,100966,2,32,44.8,No
EMP01536,IT,25,101795,2,58,59.4,No
EMP01537,Customer Support,60,108828,3,36,56.0,No
EMP01538,Sales,24,76940,13,55,87.4,Yes
EMP01539,Marketing,47,121257,20,30,78.0,Yes
EMP01540,Customer Support,50,106128,20,36,89.6,Yes
EMP01541,Engineering,22,125661,17,51,79.2,Yes
EMP01542,Finance,27,106827,1,34,40.2,No
EMP01543,IT,57,146797,21,62,98.0,Yes
EMP01544,Engineering,47,142492,24,58,97.0,Yes
EMP01545,HR,29,85012,2,38,56.4,No
EMP01546,Admin,48,104797,21,52,99.0,Yes
EMP01547,IT,55,146114,5,60,76.0,No
EMP01548,Sales,42,112363,12,30,69.6,No
EMP01549,HR,30,94332,8,62,64.6,No
EMP01550,Operations,48,111194,7,42,51.8,No
EMP01551,Marketing,42,115715,22,60,100.0,Yes
EMP01552,Operations,42,111119,20,49,87.4,Yes
EMP01553,Finance,31,108450,15,32,65.2,No
EMP01554,Marketing,21,90487,23,44,98.8,Yes
EMP01555,Marketing,34,103117,16,51,77.4,Yes
EMP01556,IT,46,125524,1,53,47.6,No
EMP01557,HR,43,96266,18,37,75.6,Yes
EMP01558,Marketing,49,110238,21,53,81.6,Yes
EMP01559,Marketing,33,96774,10,41,62.6,No
EMP01560,Operations,32,91250,18,45,77.4,Yes
EMP01561,IT,22,97087,9,36,53.8,No
EMP01562,Finance,45,118996,11,43,71.6,No
EMP01563,Operations,36,107466,12,40,76.6,Yes
EMP01564,Finance,48,116885,4,39,48.6,No
EMP01565,Admin,33,87018,13,53,86.2,Yes
EMP01566,Marketing,48,125146,2,42,49.8,No
EMP01567,Operations,30,92177,8,33,50.2,No
EMP01568,Engineering,53,159022,7,35,64.6,No
EMP01569,IT,25,116684,17,54,86.0,Yes
EMP01570,Admin,52,109945,15,41,74.6,No
EMP01571,Engineering,54,160324,23,61,98.0,Yes
EMP01572,Customer Support,58,111389,21,32,76.0,Yes
EMP01573,Engineering,33,126762,8,55,68.4,No
EMP01574,Customer Support,48,104858,19,40,78.2,Yes
EMP01575,Finance,56,131868,5,35,56.0,No
EMP01576,Operations,54,127045,8,32,61.6,No
EMP01577,Operations,60,134320,14,58,85.0,Yes
EMP01578,Operations,47,112346,16,50,82.8,Yes
EMP01579,IT,22,105103,15,44,85.4,Yes
EMP01580,Operations,25,93441,3,48,62.2,No
EMP01581,Finance,55,124224,9,44,57.6,No
EMP01582,Operations,25,83563,2,64,64.0,No
EMP01583,Operations,33,95593,9,49,63.6,No
EMP01584,IT,59,149356,25,64,95.4,Yes
EMP01585,Sales,40,106295,12,55,84.6,Yes
EMP01586,Engineering,21,110091,21,62,99.0,Yes
EMP01587,Marketing,35,107546,24,43,88.0,Yes
EMP01588,Admin,54,116919,25,59,100.0,Yes
EMP01589,Operations,26,91886,7,57,64.8,No
EMP01590,Engineering,49,151078,18,31,67.0,No
EMP01591,IT,57,154777,10,30,59.0,No
EMP01592,Marketing,42,113617,14,57,88.4,Yes
EMP01593,Operations,40,113598,19,31,65.8,No
EMP01594,IT,29,117295,11,55,70.8,No
EMP01595,Finance,46,116371,18,54,91.8,Yes
EMP01596,Operations,27,89382,19,58,83.0,Yes
EMP01597,Finance,31,98020,22,65,91.6,Yes
EMP01598,Engineering,59,157320,1,41,40.4,No
EMP01599,Sales,45,108538,7,44,67.0,No
EMP01600,Engineering,25,126991,2,53,47.4,No
EMP01601,Operations,31,89345,14,55,73.2,No
EMP01602,Admin,29,74053,14,60,85.2,Yes
EMP01603,IT,34,124962,7,49,69.0,No
EMP01604,Sales,31,98665,19,42,85.4,Yes
EMP01605,Marketing,38,110205,1,39,39.2,No
EMP01606,Marketing,46,123852,17,51,88.2,Yes
EMP01607,Engineering,50,142985,19,32,74.4,No
EMP01608,Operations,50,119815,23,49,100.0,Yes
EMP01609,Customer Support,32,87558,8,41,65.0,No
EMP01610,IT,45,136895,23,36,76.0,Yes
EMP01611,IT,36,122764,9,64,68.6,No
EMP01612,Engineering,34,124772,14,65,87.2,Yes
EMP01613,Finance,25,98438,17,50,86.6,Yes
EMP01614,Sales,31,83662,7,62,75.8,No
EMP01615,Finance,22,93889,21,59,95.2,Yes
EMP01616,Marketing,46,105551,13,32,62.6,No
EMP01617,IT,28,119484,11,59,81.2,Yes
EMP01618,Finance,25,99343,18,45,75.4,Yes
EMP01619,Sales,51,106791,6,40,65.8,No
EMP01620,IT,27,119919,10,37,64.2,No
EMP01621,Finance,31,101153,22,30,73.6,No
EMP01622,Operations,49,106928,6,43,65.6,No
EMP01623,Engineering,34,137933,23,33,93.2,Yes
EMP01624,Customer Support,27,81948,23,49,83.8,Yes
EMP01625,HR,59,117410,2,54,55.0,No
EMP01626,Marketing,44,103325,7,35,58.6,No
EMP01627,HR,22,68470,11,42,64.0,No
EMP01628,IT,27,103842,24,40,92.2,Yes
EMP01629,Finance,53,137017,11,50,81.8,Yes
EMP01630,Marketing,33,103620,18,55,80.4,Yes
EMP01631,Marketing,35,102596,4,52,55.4,No
EMP01632,Customer Support,21,60592,21,50,91.8,Yes
EMP01633,Engineering,34,129924,8,34,66.8,No
EMP01634,Operations,60,126161,2,34,49.0,No
EMP01635,Engineering,40,146651,4,64,62.6,No
EMP01636,Finance,37,112132,20,50,82.0,Yes
EMP01637,IT,42,136198,21,50,81.8,Yes
EMP01638,HR,42,102929,20,58,98.8,Yes
EMP01639,Admin,35,86622,19,30,64.2,No
EMP01640,Finance,60,141041,10,45,64.0,No
EMP01641,Finance,60,139272,2,38,53.4,No
EMP01642,Marketing,39,103497,5,54,73.4,No
EMP01643,Marketing,23,88370,24,58,94.0,Yes
EMP01644,Operations,38,109667,21,32,82.0,Yes
EMP01645,HR,39,98030,8,51,64.0,No
EMP01646,Admin,34,85089,2,45,61.6,No
EMP01647,Admin,45,105495,11,41,76.4,Yes
EMP01648,Finance,21,86506,16,34,62.2,No
EMP01649,Marketing,30,91691,5,35,60.0,No
EMP01650,Marketing,56,119761,8,62,76.6,Yes
EMP01651,Sales,50,113025,6,42,61.0,No
EMP01652,Marketing,32,107288,10,48,72.8,No
EMP01653,Sales,33,96382,16,35,73.8,No
EMP01654,IT,45,137850,16,58,91.6,Yes
EMP01655,Customer Support,60,122794,25,39,80.4,Yes
EMP01656,Customer Support,45,108502,3,49,63.8,No
EMP01657,Admin,30,81430,24,41,91.8,Yes
EMP01658,Sales,50,117292,15,48,84.8,Yes
EMP01659,Engineering,59,155277,3,51,63.0,No
EMP01660,IT,33,110020,7,30,58.6,No
EMP01661,Engineering,44,145731,13,56,80.0,Yes
EMP01662,Engineering,45,147395,10,34,51.4,No
EMP01663,Customer Support,28,74964,19,40,83.2,Yes
EMP01664,Operations,37,103464,17,61,80.2,Yes
EMP01665,Customer Support,45,96941,24,45,97.2,Yes
EMP01666,Operations,23,79445,21,31,76.4,Yes
EMP01667,Engineering,59,159132,22,39,82.0,Yes
EMP01668,IT,59,143824,1,37,56.0,No
EMP01669,Customer Support,45,105991,23,35,80.4,Yes
EMP01670,IT,48,137503,14,46,80.8,Yes
EMP01671,Customer Support,55,114487,19,49,77.6,Yes
EMP01672,Operations,27,86265,5,47,61.2,No
EMP01673,HR,40,88051,6,61,62.4,No
EMP01674,Customer Support,25,74448,17,56,89.2,Yes
EMP01675,IT,31,111601,12,41,64.2,No
EMP01676,IT,52,147167,17,37,82.8,Yes
EMP01677,IT,34,116787,7,33,50.4,No
EMP01678,Customer Support,37,84843,15,36,62.6,No
EMP01679,Finance,39,110868,13,37,59.6,No
EMP01680,HR,42,106059,19,45,88.2,Yes
EMP01681,HR,27,72636,2,47,61.8,No
EMP01682,Finance,23,82837,7,63,74.4,No
EMP01683,Admin,59,123722,25,47,100.0,Yes
EMP01684,Customer Support,42,96641,11,53,73.6,No
EMP01685,Operations,36,102600,22,55,100.0,Yes
EMP01686,Operations,24,75901,11,36,67.4,No
EMP01687,IT,46,142587,1,37,44.0,No
EMP01688,Operations,36,107072,15,60,88.0,Yes
EMP01689,HR,33,80144,21,50,99.8,Yes
EMP01690,HR,44,107359,24,50,92.2,Yes
EMP01691,Engineering,59,162214,13,35,69.4,No
EMP01692,Finance,51,125829,24,54,100.0,Yes
EMP01693,IT,33,110640,17,62,83.8,Yes
EMP01694,Finance,52,132696,10,65,74.0,No
EMP01695,Finance,49,121693,16,64,86.2,Yes
EMP01696,IT,34,114256,25,35,91.0,Yes
EMP01697,IT,22,105586,11,54,71.2,No
EMP01698,Engineering,37,128848,22,37,90.8,Yes
EMP01699,Finance,52,124733,23,51,100.0,Yes
EMP01700,Finance,59,138153,21,51,92.4,Yes
EMP01701,Customer Support,56,110689,8,44,55.8,No
EMP01702,Finance,39,112948,4,35,58.2,No
EMP01703,Finance,33,98775,19,53,88.0,Yes
EMP01704,HR,45,113335,10,33,66.8,No
EMP01705,Customer Support,33,86561,14,50,71.2,No
EMP01706,Marketing,54,115101,4,55,69.2,No
EMP01707,Operations,50,114173,5,48,64.8,No
EMP01708,IT,50,134779,20,48,77.8,Yes
EMP01709,Operations,59,121845,10,62,75.2,Yes
EMP01710,Engineering,57,164620,21,43,84.6,Yes
EMP01711,HR,45,100901,11,39,62.2,No
EMP01712,IT,24,108600,16,55,78.8,Yes
EMP01713,Admin,22,77242,13,51,81.0,Yes
EMP01714,Customer Support,43,103896,13,34,64.8,No
EMP01715,Marketing,39,109703,23,65,95.4,Yes
EMP01716,Operations,29,91763,25,33,90.8,Yes
EMP01717,IT,31,116738,15,60,79.0,Yes
EMP01718,Marketing,34,91099,24,42,91.4,Yes
EMP01719,Finance,57,135738,22,39,88.0,Yes
EMP01720,HR,31,92727,4,52,55.4,No
EMP01721,Finance,24,103244,17,51,86.2,Yes
EMP01722,Customer Support,30,74892,8,32,52.6,No
EMP01723,Engineering,46,147500,10,41,56.6,No
EMP01724,Customer Support,50,107036,9,58,63.0,No
EMP01725,Finance,28,104630,3,37,59.6,No
EMP01726,Marketing,53,122569,1,60,52.8,No
EMP01727,IT,58,153810,13,60,80.4,Yes
EMP01728,IT,57,140480,4,50,66.2,No
EMP01729,Customer Support,32,86303,23,31,89.0,Yes
EMP01730,Admin,55,120003,16,34,79.2,Yes
EMP01731,Finance,55,124844,25,43,87.8,Yes
EMP01732,IT,59,155454,1,65,62.8,No
EMP01733,HR,28,78882,5,43,48.8,No
EMP01734,Sales,56,114972,25,32,79.2,Yes
EMP01735,Sales,53,114223,12,64,85.0,Yes
EMP01736,Marketing,21,92221,10,32,58.2,No
EMP01737,Engineering,55,156254,5,61,73.6,No
EMP01738,Admin,43,91844,17,43,69.4,No
EMP01739,HR,36,93020,7,39,54.0,No
EMP01740,Admin,29,80889,7,52,59.8,No
EMP01741,Customer Support,60,115354,3,65,64.4,No
EMP01742,IT,45,126728,13,59,78.8,Yes
EMP01743,IT,48,129912,18,43,90.2,Yes
EMP01744,Marketing,38,114069,23,53,100.0,Yes
EMP01745,IT,53,143966,14,39,73.6,No
EMP01746,HR,45,96540,20,45,83.0,Yes
EMP01747,Admin,28,83929,4,65,60.2,No
EMP01748,Finance,42,114353,12,51,68.2,No
EMP01749,Sales,35,99358,1,36,42.4,No
EMP01750,Finance,45,126251,4,41,52.8,No
EMP01751,Engineering,58,161032,4,63,75.0,No
EMP01752,Admin,39,85371,9,36,54.8,No
EMP01753,Customer Support,41,101622,6,52,71.0,No
EMP01754,Customer Support,59,114288,16,38,63.6,No
EMP01755,IT,53,138275,22,38,86.4,Yes
EMP01756,Sales,57,121562,2,53,66.4,No
EMP01757,Engineering,47,147999,6,58,71.6,No
EMP01758,Sales,53,125658,9,57,69.4,No
EMP01759,Finance,40,113247,10,56,65.6,No
EMP01760,Finance,26,89268,24,45,87.2,Yes
EMP01761,HR,57,126558,3,48,61.2,No
EMP01762,Customer Support,21,64670,22,62,100.0,Yes
EMP01763,Admin,52,103485,22,64,100.0,Yes
EMP01764,Marketing,21,89125,24,30,90.2,Yes
EMP01765,Marketing,43,121562,24,63,94.0,Yes
EMP01766,Engineering,59,158175,6,63,65.6,No
EMP01767,Operations,25,88576,5,62,59.2,No
EMP01768,Engineering,48,149831,13,40,62.4,No
EMP01769,Marketing,42,109904,18,37,75.6,Yes
EMP01770,Sales,51,106273,9,43,74.0,No
EMP01771,Customer Support,57,120292,7,49,55.0,No
EMP01772,Engineering,50,140193,2,52,65.8,No
EMP01773,Operations,50,110511,10,52,61.2,No
EMP01774,IT,43,121890,13,52,69.6,No
EMP01775,Engineering,48,154937,7,35,61.6,No
EMP01776,Customer Support,30,71226,4,61,59.8,No
EMP01777,Marketing,37,106665,16,55,82.8,Yes
EMP01778,Customer Support,44,96630,6,64,64.2,No
EMP01779,Engineering,49,150391,6,38,58.6,No
EMP01780,Operations,21,75826,23,42,84.6,Yes
EMP01781,HR,39,100597,5,55,64.0,No
EMP01782,IT,23,113305,22,42,84.8,Yes
EMP01783,Customer Support,28,84838,16,65,83.8,Yes
EMP01784,Customer Support,41,88506,17,54,78.0,Yes
EMP01785,HR,27,83676,5,39,60.4,No
EMP01786,Marketing,21,89279,2,51,65.2,No
EMP01787,Customer Support,21,69447,16,48,84.6,Yes
EMP01788,Customer Support,26,82952,8,39,54.8,No
EMP01789,Sales,36,96835,25,37,86.2,Yes
EMP01790,Marketing,48,124060,16,36,81.4,Yes
EMP01791,Marketing,32,95916,19,39,72.6,No
EMP01792,Customer Support,29,76097,2,47,47.8,No
EMP01793,HR,48,100579,20,42,74.2,No
EMP01794,Customer Support,45,96583,17,49,79.0,Yes
EMP01795,Customer Support,42,102107,16,33,73.6,No
EMP01796,Sales,24,85713,4,47,55.4,No
EMP01797,Customer Support,43,88158,8,50,61.4,No
EMP01798,HR,23,74546,2,50,54.6,No
EMP01799,Sales,51,120319,20,36,74.6,No
EMP01800,Engineering,37,134373,12,51,67.2,No
EMP01801,HR,27,76669,22,65,100.0,Yes
EMP01802,Operations,44,119615,24,63,100.0,Yes
EMP01803,Sales,36,91058,7,54,60.0,No
EMP01804,Finance,29,96121,2,42,54.8,No
EMP01805,Finance,27,97278,18,51,90.0,Yes
EMP01806,Admin,33,78035,24,39,82.6,Yes
EMP01807,Customer Support,33,92961,18,46,83.0,Yes
EMP01808,Engineering,44,147090,21,37,74.0,No
EMP01809,Customer Support,51,96916,17,62,84.8,Yes
EMP01810,Sales,59,125291,23,38,77.2,Yes
EMP01811,HR,57,121425,23,42,93.6,Yes
EMP01812,Admin,55,117344,3,40,57.4,No
EMP01813,Admin,45,104135,25,54,100.0,Yes
EMP01814,Marketing,38,100842,6,30,58.8,No
EMP01815,HR,34,97309,17,59,94.0,Yes
EMP01816,Sales,37,98198,8,48,72.2,No
EMP01817,IT,28,121083,8,32,52.6,No
EMP01818,HR,39,95901,21,39,77.2,Yes
EMP01819,HR,38,92480,21,45,93.8,Yes
EMP01820,HR,28,93429,21,52,92.0,Yes
EMP01821,Finance,41,112852,23,65,96.4,Yes
EMP01822,Sales,47,101741,11,33,62.6,No
EMP01823,Sales,35,87512,6,46,67.4,No
EMP01824,Finance,58,133032,24,54,100.0,Yes
EMP01825,Admin,59,115029,7,58,69.4,No
EMP01826,Marketing,38,100700,19,55,93.2,Yes
EMP01827,Customer Support,35,92696,12,39,59.0,No
EMP01828,IT,52,138170,15,41,69.6,No
EMP01829,Engineering,57,157642,24,41,79.8,Yes
EMP01830,IT,40,137917,6,55,61.8,No
EMP01831,IT,25,108036,3,57,65.6,No
EMP01832,Finance,46,114698,24,63,93.0,Yes
EMP01833,Finance,59,126478,13,54,70.8,No
EMP01834,HR,21,67939,5,45,56.0,No
EMP01835,HR,30,93772,1,36,45.4,No
EMP01836,Marketing,26,99643,5,60,71.0,No
EMP01837,Sales,31,87263,11,60,74.8,No
EMP01838,Admin,24,83613,23,47,84.6,Yes
EMP01839,HR,22,76123,4,64,60.6,No
EMP01840,Customer Support,53,105950,5,30,39.0,No
EMP01841,Customer Support,35,88577,13,39,78.8,Yes
EMP01842,Marketing,39,100483,22,54,99.0,Yes
EMP01843,Finance,31,101434,8,36,59.0,No
EMP01844,Operations,25,79778,4,53,52.0,No
EMP01845,IT,59,158182,6,57,67.0,No
EMP01846,IT,59,145722,22,57,94.8,Yes
EMP01847,Sales,60,125883,12,36,70.2,No
EMP01848,Sales,44,97871,23,34,77.8,Yes
EMP01849,Operations,30,97637,5,54,68.4,No
EMP01850,Finance,25,94125,19,57,84.4,Yes
EMP01851,Operations,26,90816,5,41,56.6,No
EMP01852,Engineering,41,142764,14,60,92.2,Yes
EMP01853,IT,42,132956,21,45,89.8,Yes
EMP01854,Engineering,56,163341,18,64,99.8,Yes
EMP01855,Marketing,55,135037,13,35,69.4,No
EMP01856,Marketing,54,122506,23,35,85.4,Yes
EMP01857,Marketing,21,93496,1,53,60.6,No
EMP01858,Finance,29,101624,2,52,50.8,No
EMP01859,Engineering,39,140597,5,65,67.0,No
EMP01860,Marketing,34,94641,2,38,42.4,No
EMP01861,HR,45,106179,23,57,88.6,Yes
EMP01862,Finance,27,88389,16,40,68.8,No
EMP01863,IT,44,125325,3,45,44.4,No
EMP01864,Customer Support,57,118793,5,41,49.6,No
EMP01865,Sales,54,120853,16,56,88.4,Yes
EMP01866,Sales,21,72166,4,39,62.6,No
EMP01867,IT,23,97956,17,40,78.6,Yes
EMP01868,Engineering,48,156345,18,46,88.0,Yes
EMP01869,Marketing,40,106907,14,40,63.2,No
EMP01870,Customer Support,54,112920,5,43,65.8,No
EMP01871,Marketing,24,97126,13,41,79.0,Yes
EMP01872,Engineering,25,123274,16,50,82.8,Yes
EMP01873,HR,31,83580,12,57,75.8,Yes
EMP01874,Finance,27,107165,3,53,59.2,No
EMP01875,Marketing,22,94146,10,40,57.0,No
EMP01876,Marketing,25,90129,20,30,72.0,No
EMP01877,Marketing,56,125075,21,32,77.0,Yes
EMP01878,HR,26,72696,19,60,83.2,Yes
EMP01879,Finance,41,115886,10,30,57.0,No
EMP01880,Admin,46,105000,7,50,65.6,No
EMP01881,Finance,29,106301,11,56,68.4,No
EMP01882,IT,53,149228,1,54,64.2,No
EMP01883,Sales,23,87775,6,39,48.2,No
EMP01884,Marketing,26,86477,7,39,64.0,No
EMP01885,Admin,54,116463,25,51,91.6,Yes
EMP01886,Sales,42,96711,12,57,79.8,Yes
EMP01887,Marketing,36,98193,20,34,86.4,Yes
EMP01888,Finance,52,127543,1,39,54.2,No
EMP01889,Engineering,26,121479,4,59,59.6,No
EMP01890,IT,39,135691,3,47,56.6,No
EMP01891,Finance,43,121697,3,41,50.0,No
EMP01892,Sales,51,110802,25,58,94.8,Yes
EMP01893,Engineering,57,157792,2,53,59.4,No
EMP01894,IT,47,143192,15,53,89.8,Yes
EMP01895,Operations,41,112778,3,56,65.0,No
EMP01896,HR,37,92422,20,33,84.8,Yes
EMP01897,IT,21,107514,4,48,53.0,No
EMP01898,Customer Support,57,116121,3,44,57.8,No
EMP01899,Operations,26,95734,15,59,88.4,Yes
EMP01900,Finance,27,100407,6,36,57.4,No
EMP01901,Customer Support,33,84996,11,34,62.2,No
EMP01902,Engineering,59,154546,7,60,68.6,No
EMP01903,HR,50,115399,18,39,71.8,No
EMP01904,Operations,34,107496,19,32,77.4,Yes
EMP01905,Operations,24,82793,14,60,74.2,No
EMP01906,HR,34,89642,25,57,99.2,Yes
EMP01907,Finance,32,102375,5,34,53.4,No
EMP01908,Sales,26,89953,23,58,100.0,Yes
EMP01909,Sales,34,88829,6,33,55.6,No
EMP01910,Sales,42,106845,6,42,61.0,No
EMP01911,Engineering,51,155512,18,40,79.4,Yes
EMP01912,Customer Support,57,122966,1,65,58.8,No
EMP01913,IT,25,100464,11,50,65.8,No
EMP01914,IT,50,133722,16,50,83.8,Yes
EMP01915,Admin,37,96163,24,30,77.2,Yes
EMP01916,Finance,49,119949,2,43,54.4,No
EMP01917,IT,55,143082,20,54,91.4,Yes
EMP01918,Marketing,34,102932,22,30,80.6,Yes
EMP01919,Sales,22,75487,10,62,82.2,Yes
EMP01920,Customer Support,50,106541,14,52,85.4,Yes
EMP01921,Admin,48,98315,25,51,92.6,Yes
EMP01922,Customer Support,50,113112,12,41,77.2,Yes
EMP01923,Admin,31,83539,14,54,82.6,Yes
EMP01924,Finance,39,104737,3,36,59.0,No
EMP01925,Customer Support,22,79249,4,61,58.8,No
EMP01926,Admin,49,105299,19,32,78.4,Yes
EMP01927,Marketing,34,108874,25,59,100.0,Yes
EMP01928,Marketing,28,95088,16,37,77.0,Yes
EMP01929,Customer Support,47,98737,1,53,61.6,No
EMP01930,Sales,39,101872,22,46,92.2,Yes
EMP01931,HR,36,83708,14,32,56.4,No
EMP01932,Operations,30,93980,17,50,77.6,Yes
EMP01933,Customer Support,57,116224,8,65,71.4,No
EMP01934,Customer Support,60,111222,2,57,69.8,No
EMP01935,IT,45,140950,13,50,70.4,No
EMP01936,Marketing,48,124123,4,38,45.0,No
EMP01937,Customer Support,57,121517,25,46,89.6,Yes
EMP01938,Marketing,41,100040,3,35,51.4,No
EMP01939,IT,21,97781,1,64,70.2,No
EMP01940,HR,45,108867,24,38,98.0,Yes
EMP01941,IT,43,131329,8,44,58.8,No
EMP01942,Marketing,55,124535,24,54,88.6,Yes
EMP01943,Finance,38,119584,5,31,42.6,No
EMP01944,Engineering,28,117108,20,37,74.2,No
EMP01945,Sales,39,94335,6,35,58.8,No
EMP01946,Marketing,44,118890,13,36,57.0,No
EMP01947,Finance,47,118290,16,34,74.2,No
EMP01948,Operations,45,106279,21,58,89.6,Yes
EMP01949,HR,40,91840,6,32,52.0,No
EMP01950,Engineering,43,131764,20,64,91.4,Yes
EMP01951,Sales,54,129661,4,42,44.4,No
EMP01952,HR,55,110992,17,62,85.8,Yes
EMP01953,Finance,44,118532,7,31,47.2,No
EMP01954,Finance,35,105768,24,38,86.0,Yes
EMP01955,Marketing,51,129271,3,52,68.6,No
EMP01956,Engineering,39,141088,24,61,100.0,Yes
EMP01957,Marketing,46,111684,9,41,60.8,No
EMP01958,Finance,46,115628,19,49,81.6,Yes
EMP01959,Customer Support,52,116940,15,57,81.2,Yes
EMP01960,Finance,41,118267,20,54,86.4,Yes
EMP01961,Operations,57,130126,12,34,59.0,No
EMP01962,Admin,23,74216,9,56,80.8,Yes
EMP01963,Operations,54,115556,13,31,59.0,No
EMP01964,Customer Support,41,92238,6,52,56.0,No
EMP01965,Operations,34,98103,12,39,60.0,No
EMP01966,Operations,21,82976,23,30,77.4,Yes
EMP01967,Operations,50,109170,8,65,77.4,Yes
EMP01968,Marketing,39,100172,17,43,85.4,Yes
EMP01969,Finance,38,114860,19,56,89.8,Yes
EMP01970,Marketing,41,115385,7,33,59.4,No
EMP01971,Sales,23,76666,14,37,73.4,No
EMP01972,Operations,31,91947,19,54,96.6,Yes
EMP01973,Sales,22,86531,1,30,40.8,No
EMP01974,Customer Support,29,87085,2,64,55.0,No
EMP01975,HR,42,93516,3,60,66.4,No
EMP01976,Sales,40,106118,11,52,65.0,No
EMP01977,Operations,56,127088,16,33,69.6,No
EMP01978,Engineering,50,152252,21,37,91.0,Yes
EMP01979,HR,27,72740,8,33,50.2,No
EMP01980,Operations,27,86816,23,57,92.6,Yes
EMP01981,Marketing,26,98814,24,53,87.0,Yes
EMP01982,Sales,24,75372,2,37,46.8,No
EMP01983,Sales,25,83844,11,54,69.2,No
EMP01984,Engineering,29,125263,4,38,46.0,No
EMP01985,Customer Support,58,108609,21,58,100.0,Yes
EMP01986,Marketing,54,130859,19,60,90.2,Yes
EMP01987,Engineering,41,137844,8,35,56.4,No
EMP01988,Operations,26,84946,18,45,73.4,No
EMP01989,Engineering,25,110430,2,43,47.4,No
EMP01990,Customer Support,50,98425,7,61,71.2,No
EMP01991,Admin,34,88017,17,50,86.6,Yes
EMP01992,Admin,30,80169,4,38,53.0,No
EMP01993,Engineering,45,140652,20,62,97.2,Yes
EMP01994,Finance,33,99980,9,57,71.4,No
EMP01995,Finance,57,126911,5,59,59.4,No
EMP01996,HR,36,91941,15,41,63.6,No
EMP01997,Admin,51,106902,15,52,73.2,No
EMP01998,Finance,56,129148,12,57,71.8,No
EMP01999,Admin,46,103135,14,62,75.4,Yes
EMP02000,Sales,49,105410,12,36,75.2,Yes
EMP02001,Customer Support,45,95207,7,48,65.4,No
EMP02002,Sales,32,100394,17,61,92.2,Yes
EMP02003,HR,27,76039,21,45,83.8,Yes
EMP02004,HR,28,81423,2,47,45.8,No
EMP02005,Finance,55,134256,9,44,66.6,No
EMP02006,Finance,46,126425,8,47,60.6,No
EMP02007,Marketing,31,106739,12,48,71.4,No
EMP02008,Finance,21,95822,6,62,69.0,No
EMP02009,IT,36,118660,11,34,57.2,No
EMP02010,Engineering,42,145951,5,30,52.0,No
EMP02011,HR,42,92922,6,46,55.4,No
EMP02012,Operations,21,88200,16,30,65.8,No
EMP02013,Finance,51,134788,2,31,43.2,No
EMP02014,Admin,35,83803,17,40,69.6,No
EMP02015,Sales,27,92231,24,51,100.0,Yes
EMP02016,Admin,43,96907,9,61,75.8,Yes
EMP02017,HR,50,110935,12,49,79.0,Yes
EMP02018,Engineering,59,167816,4,47,67.4,No
EMP02019,IT,22,101041,14,44,74.6,No
EMP02020,HR,52,114177,8,57,66.6,No
EMP02021,Marketing,26,90175,13,36,77.0,Yes
EMP02022,Engineering,55,154693,17,41,78.2,Yes
EMP02023,Customer Support,42,94452,19,56,88.8,Yes
EMP02024,HR,33,90848,19,63,100.0,Yes
EMP02025,Customer Support,28,78050,15,52,73.2,No
EMP02026,Engineering,21,120480,22,39,79.0,Yes
EMP02027,Sales,54,115128,20,65,96.0,Yes
EMP02028,Sales,52,107910,3,48,60.2,No
EMP02029,Marketing,23,79343,10,37,67.2,No
EMP02030,HR,40,88021,14,52,69.4,No
EMP02031,IT,37,130849,12,48,79.4,Yes
EMP02032,Finance,30,95674,23,47,87.6,Yes
EMP02033,Finance,48,113653,10,44,71.4,No
EMP02034,Marketing,43,115446,22,54,96.0,Yes
EMP02035,Sales,27,83078,10,49,77.4,Yes
EMP02036,Operations,48,111137,19,38,77.0,Yes
EMP02037,Customer Support,29,79665,18,42,78.6,Yes
EMP02038,Sales,26,94085,19,59,86.6,Yes
EMP02039,Customer Support,45,106254,4,38,56.0,No
EMP02040,Admin,41,101547,22,52,93.8,Yes
EMP02041,Engineering,48,152715,14,56,70.8,No
EMP02042,HR,56,110097,25,56,94.6,Yes
EMP02043,Sales,60,129226,8,62,67.6,No
EMP02044,Admin,60,110754,19,48,87.0,Yes
EMP02045,Customer Support,29,84965,22,30,85.6,Yes
EMP02046,HR,50,108853,3,33,57.2,No
EMP02047,Operations,27,88921,20,36,87.6,Yes
EMP02048,Operations,51,127356,2,37,53.8,No
EMP02049,Marketing,24,97217,17,39,81.0,Yes
EMP02050,Marketing,29,94659,22,39,95.0,Yes
EMP02051,HR,40,91758,16,42,68.0,No
EMP02052,IT,21,112233,20,37,73.2,No
EMP02053,Marketing,36,94007,4,60,71.2,No
EMP02054,Customer Support,49,103627,2,37,49.8,No
EMP02055,IT,51,139728,8,64,83.8,Yes
EMP02056,Finance,49,114509,14,39,65.6,No
EMP02057,Marketing,30,103913,6,62,66.0,No
EMP02058,Engineering,51,144477,10,48,76.8,Yes
EMP02059,Operations,52,122218,22,47,91.8,Yes
EMP02060,Engineering,27,117255,14,57,71.4,No
EMP02061,Engineering,39,127161,4,54,69.6,No
EMP02062,HR,40,89396,21,58,95.6,Yes
EMP02063,Engineering,29,123873,24,59,90.6,Yes
EMP02064,Operations,31,91106,17,62,90.8,Yes
EMP02065,Customer Support,54,105517,17,34,83.0,Yes
EMP02066,Operations,30,98056,21,51,84.4,Yes
EMP02067,Sales,38,106451,13,34,67.8,No
EMP02068,IT,51,148417,19,62,91.4,Yes
EMP02069,Operations,29,100952,19,52,96.4,Yes
EMP02070,Finance,46,115415,2,31,41.2,No
EMP02071,Finance,27,98005,16,60,83.8,Yes
EMP02072,Finance,36,111964,6,54,57.2,No
EMP02073,Sales,24,76188,4,32,52.4,No
EMP02074,HR,44,96327,6,50,66.8,No
EMP02075,IT,45,130544,21,65,94.8,Yes
EMP02076,Engineering,37,131789,15,48,73.8,No
EMP02077,Customer Support,31,75018,17,42,85.8,Yes
EMP02078,Finance,22,86005,7,32,43.8,No
EMP02079,Customer Support,44,90158,19,64,94.6,Yes
EMP02080,Admin,32,82198,16,42,84.0,Yes
EMP02081,Admin,51,116507,12,52,68.8,No
EMP02082,Engineering,25,112322,14,54,87.6,Yes
EMP02083,IT,26,104506,17,49,75.0,Yes
EMP02084,Marketing,52,123243,2,64,54.0,No
EMP02085,Sales,35,98727,9,54,62.6,No
EMP02086,Sales,31,101053,3,64,62.8,No
EMP02087,Admin,54,103656,10,55,80.0,Yes
EMP02088,Engineering,28,114657,9,31,56.8,No
EMP02089,Sales,47,103346,7,51,59.2,No
EMP02090,Admin,34,79842,24,51,92.8,Yes
EMP02091,Finance,52,128732,19,32,67.4,No
EMP02092,Finance,47,115642,18,60,88.4,Yes
EMP02093,Finance,23,99233,2,61,59.2,No
EMP02094,Customer Support,43,94063,16,49,70.2,No
EMP02095,HR,24,86304,25,42,100.0,Yes
EMP02096,HR,45,95708,18,60,92.4,Yes
EMP02097,IT,45,142007,14,57,75.4,Yes
EMP02098,Engineering,28,125127,4,53,57.0,No
EMP02099,Customer Support,42,93003,2,45,44.6,No
EMP02100,HR,58,127170,8,56,78.0,Yes
EMP02101,HR,23,69463,24,45,84.2,Yes
EMP02102,IT,24,108060,15,41,64.6,No
EMP02103,Operations,41,105781,20,45,79.0,Yes
EMP02104,Customer Support,59,108316,16,37,65.0,No
EMP02105,Admin,37,93096,7,61,68.2,No
EMP02106,Sales,49,113390,12,65,92.6,Yes
EMP02107,Admin,36,97941,9,50,74.2,No
EMP02108,HR,27,88332,12,56,75.2,Yes
EMP02109,Marketing,26,88754,5,63,67.8,No
EMP02110,Marketing,56,121851,4,53,52.0,No
EMP02111,Engineering,36,126943,21,59,85.2,Yes
EMP02112,HR,52,121675,9,47,68.4,No
EMP02113,Finance,40,122980,2,47,55.8,No
EMP02114,HR,52,116949,13,54,68.8,No
EMP02115,Marketing,35,106125,13,41,77.0,Yes
EMP02116,Sales,24,85196,2,64,54.0,No
EMP02117,Operations,59,118696,9,43,64.0,No
EMP02118,Customer Support,60,110578,14,33,74.0,No
EMP02119,Sales,45,112888,18,59,97.8,Yes
EMP02120,Admin,57,117894,9,40,66.2,No
EMP02121,IT,36,122191,1,47,44.0,No
EMP02122,Admin,36,98913,10,51,72.6,No
EMP02123,Sales,23,80808,12,47,81.8,Yes
EMP02124,HR,59,129426,4,49,58.6,No
EMP02125,IT,37,114965,15,59,88.4,Yes
EMP02126,Engineering,21,120935,2,52,66.8,No
EMP02127,Marketing,56,136191,14,33,59.0,No
EMP02128,Admin,38,97032,11,34,57.2,No
EMP02129,Sales,37,93568,9,61,71.8,No
EMP02130,IT,32,116024,20,33,70.8,No
EMP02131,IT,23,112028,22,62,100.0,Yes
EMP02132,HR,41,91192,18,44,78.8,Yes
EMP02133,HR,37,102109,22,52,83.8,Yes
EMP02134,Marketing,59,123338,12,36,71.2,No
EMP02135,Finance,49,121565,17,34,69.0,No
EMP02136,Operations,41,98539,22,56,100.0,Yes
EMP02137,Sales,48,113300,5,31,58.6,No
EMP02138,Operations,44,115223,14,53,78.0,Yes
EMP02139,HR,60,113461,6,53,63.6,No
EMP02140,HR,30,86259,4,43,61.0,No
EMP02141,Operations,53,129693,7,54,58.0,No
EMP02142,Customer Support,30,73533,25,35,85.0,Yes
EMP02143,Admin,57,119099,19,65,100.0,Yes
EMP02144,Admin,28,87785,2,60,67.6,No
EMP02145,Operations,49,124649,9,42,62.4,No
EMP02146,Operations,36,97765,8,53,72.2,No
EMP02147,Finance,41,118782,23,45,93.4,Yes
EMP02148,Finance,44,124368,12,65,74.6,No
EMP02149,Engineering,44,147511,20,44,87.4,Yes
EMP02150,IT,35,125356,18,45,89.4,Yes
EMP02151,Sales,29,90084,10,51,63.6,No
EMP02152,Customer Support,26,71062,14,62,92.4,Yes
EMP02153,Marketing,52,112908,6,59,63.2,No
EMP02154,Customer Support,28,83996,9,65,70.2,No
EMP02155,HR,29,80270,14,31,57.8,No
EMP02156,Admin,29,85639,17,54,86.0,Yes
EMP02157,Customer Support,29,77711,23,65,100.0,Yes
EMP02158,Operations,28,82082,11,36,55.4,No
EMP02159,Engineering,43,145876,14,58,81.0,Yes
EMP02160,IT,51,150518,24,41,95.8,Yes
EMP02161,IT,26,116061,1,53,57.6,No
EMP02162,Engineering,41,148470,6,62,68.0,No
EMP02163,Marketing,27,93577,10,61,67.6,No
EMP02164,Admin,57,119381,17,62,88.8,Yes
EMP02165,Customer Support,41,88892,11,41,57.4,No
EMP02166,Customer Support,34,94646,17,47,89.8,Yes
EMP02167,Finance,41,109626,12,48,65.4,No
EMP02168,Sales,39,99128,16,58,80.6,Yes
EMP02169,Sales,39,99391,20,36,77.6,Yes
EMP02170,Finance,30,107669,7,65,68.6,No
EMP02171,HR,22,72794,18,64,82.8,Yes
EMP02172,HR,52,111635,12,43,77.4,Yes
EMP02173,Engineering,48,152471,17,38,74.4,No
EMP02174,Finance,28,104762,15,57,81.2,Yes
EMP02175,IT,26,112790,9,37,52.4,No
EMP02176,Finance,35,113615,11,40,65.8,No
EMP02177,Engineering,38,128027,21,62,97.0,Yes
EMP02178,Customer Support,23,73004,4,63,63.0,No
EMP02179,HR,56,115258,21,30,71.8,No
EMP02180,Customer Support,58,113292,8,42,66.6,No
EMP02181,Engineering,30,125260,6,61,63.4,No
EMP02182,Finance,33,94704,17,43,81.4,Yes
EMP02183,Engineering,25,115836,18,43,71.2,No
EMP02184,Sales,47,120533,20,54,87.4,Yes
EMP02185,Engineering,43,141433,17,41,74.2,No
EMP02186,Engineering,39,146390,16,55,84.8,Yes
EMP02187,Engineering,55,153173,10,36,54.6,No
EMP02188,Customer Support,39,89906,15,50,82.0,Yes
EMP02189,IT,28,107320,15,50,80.0,Yes
EMP02190,IT,46,141229,25,60,100.0,Yes
EMP02191,Marketing,47,115179,1,48,58.6,No
EMP02192,Customer Support,34,86390,2,65,62.6,No
EMP02193,Customer Support,41,98132,13,58,82.2,Yes
EMP02194,HR,37,91574,9,61,74.8,No
EMP02195,Sales,23,79851,15,56,90.6,Yes
EMP02196,Admin,31,85003,7,37,50.8,No
EMP02197,Admin,59,120225,1,31,34.4,No
EMP02198,Operations,42,99479,25,65,100.0,Yes
EMP02199,Admin,24,83346,7,53,62.4,No
EMP02200,Admin,31,83708,13,44,66.8,No
EMP02201,Operations,44,117919,14,43,70.0,No
EMP02202,HR,21,68559,1,63,67.6,No
EMP02203,Engineering,46,144476,2,40,48.6,No
EMP02204,Marketing,22,77506,21,45,84.8,Yes
EMP02205,Customer Support,28,72898,21,55,90.8,Yes
EMP02206,Finance,26,99811,3,62,54.6,No
EMP02207,Admin,21,65331,20,39,89.4,Yes
EMP02208,Marketing,46,115807,20,49,90.4,Yes
EMP02209,HR,53,118637,10,47,64.2,No
EMP02210,Sales,27,89739,21,60,94.8,Yes
EMP02211,Finance,48,130982,8,56,68.0,No
EMP02212,Sales,51,122800,23,64,98.8,Yes
EMP02213,HR,45,106213,16,55,90.8,Yes
EMP02214,Engineering,27,125420,8,31,52.0,No
EMP02215,Operations,49,115978,16,36,72.4,No
EMP02216,Finance,30,96546,4,65,64.2,No
EMP02217,Marketing,52,125611,3,39,59.8,No
EMP02218,Admin,51,100131,24,44,96.6,Yes
EMP02219,Customer Support,37,84335,10,51,61.6,No
EMP02220,Customer Support,41,91055,1,47,59.0,No
EMP02221,Admin,52,107124,16,50,80.8,Yes
EMP02222,Engineering,50,142668,17,65,84.6,Yes
EMP02223,Finance,48,113046,13,38,63.2,No
EMP02224,Finance,54,134139,6,42,51.0,No
EMP02225,Customer Support,23,79789,16,40,79.8,Yes
EMP02226,Admin,29,72103,14,55,79.2,Yes
EMP02227,Customer Support,28,85720,10,47,68.2,No
EMP02228,Operations,60,123637,19,40,79.2,Yes
EMP02229,Marketing,54,131819,20,53,98.8,Yes
EMP02230,Engineering,37,135219,15,43,68.8,No
EMP02231,Admin,31,74521,23,60,99.4,Yes
EMP02232,IT,47,128597,5,60,57.0,No
EMP02233,Marketing,40,115620,7,36,60.2,No
EMP02234,Finance,42,124879,2,59,56.0,No
EMP02235,Operations,25,84406,21,65,99.8,Yes
EMP02236,Marketing,21,89164,9,48,75.0,Yes
EMP02237,Operations,40,103347,20,55,98.0,Yes
EMP02238,Marketing,55,119374,3,39,46.8,No
EMP02239,IT,38,119751,9,36,65.8,No
EMP02240,Customer Support,58,120112,11,47,66.0,No
EMP02241,HR,31,80192,8,43,71.2,No
EMP02242,IT,30,106008,6,60,68.8,No
EMP02243,HR,25,84407,5,62,71.2,No
EMP02244,Operations,51,112043,10,62,74.2,No
EMP02245,Customer Support,56,117747,13,54,78.8,Yes
EMP02246,Admin,40,87562,11,63,88.6,Yes
EMP02247,IT,34,115482,21,47,91.0,Yes
EMP02248,Engineering,56,151140,16,46,85.4,Yes
EMP02249,Operations,48,116582,6,31,55.4,No
EMP02250,Customer Support,43,92858,7,65,75.6,No
EMP02251,IT,44,129217,24,30,87.2,Yes
EMP02252,Admin,44,109008,7,30,51.6,No
EMP02253,Finance,42,121875,12,46,61.2,No
EMP02254,Sales,59,131487,2,47,55.8,No
EMP02255,Sales,23,91349,9,33,48.0,No
EMP02256,Engineering,51,156713,16,41,85.4,Yes
EMP02257,Finance,55,121944,2,53,66.4,No
EMP02258,IT,30,119748,5,35,45.0,No
EMP02259,Engineering,24,119096,21,33,72.6,No
EMP02260,Sales,55,121900,7,31,53.2,No
EMP02261,Operations,31,97411,17,30,73.6,No
EMP02262,Finance,24,88633,7,62,69.8,No
EMP02263,IT,26,110228,15,32,77.2,Yes
EMP02264,Admin,33,76705,14,41,70.8,No
EMP02265,Admin,38,93788,12,37,69.8,No
EMP02266,Finance,57,126288,19,59,84.6,Yes
EMP02267,IT,26,107283,24,35,86.2,Yes
EMP02268,HR,58,109942,25,40,87.0,Yes
EMP02269,Engineering,44,142885,3,45,64.4,No
EMP02270,IT,33,122029,10,33,58.8,No
EMP02271,Sales,32,96965,5,50,58.0,No
EMP02272,Sales,33,94264,7,41,57.2,No
EMP02273,Sales,49,115437,3,61,72.0,No
EMP02274,Operations,44,114534,25,63,100.0,Yes
EMP02275,HR,31,82302,19,54,95.6,Yes
EMP02276,Marketing,57,129767,23,57,100.0,Yes
EMP02277,Marketing,39,114875,11,62,77.0,Yes
EMP02278,Admin,26,76661,25,43,88.8,Yes
EMP02279,Sales,50,121942,2,37,57.8,No
EMP02280,Engineering,32,137628,5,59,66.4,No
EMP02281,Customer Support,44,98363,22,32,73.8,No
EMP02282,HR,43,107181,6,56,66.4,No
EMP02283,Finance,42,115436,6,52,59.0,No
EMP02284,Admin,50,111385,6,31,60.4,No
EMP02285,Customer Support,50,110518,24,55,95.2,Yes
EMP02286,Operations,37,107212,20,51,90.6,Yes
EMP02287,HR,40,91534,8,62,76.6,Yes
EMP02288,Sales,48,122033,19,55,79.2,Yes
EMP02289,Admin,31,93757,6,49,68.2,No
EMP02290,IT,33,111362,5,51,53.6,No
EMP02291,IT,40,130975,12,59,74.0,No
EMP02292,HR,50,106566,22,39,80.0,Yes
EMP02293,Sales,40,100739,3,41,48.0,No
EMP02294,Finance,48,117650,24,45,99.2,Yes
EMP02295,HR,44,104095,16,40,67.8,No
EMP02296,Admin,51,105162,22,55,99.6,Yes
EMP02297,Engineering,45,137139,23,45,92.4,Yes
EMP02298,Operations,29,94903,25,38,89.8,Yes
EMP02299,Customer Support,39,99301,20,55,83.0,Yes
EMP02300,Engineering,43,138864,22,31,89.2,Yes
EMP02301,Marketing,32,99536,12,53,81.4,Yes
EMP02302,Customer Support,21,64724,3,44,58.8,No
EMP02303,HR,33,93867,7,49,56.0,No
EMP02304,Customer Support,42,99349,21,41,78.4,Yes
EMP02305,Sales,39,92941,13,60,79.4,Yes
EMP02306,IT,47,143352,6,55,58.8,No
EMP02307,Finance,50,128253,12,36,55.2,No
EMP02308,Operations,31,96782,5,62,72.2,No
EMP02309,Engineering,21,119043,21,55,83.8,Yes
EMP02310,Customer Support,40,102779,9,37,64.4,No
EMP02311,Operations,53,121579,25,60,100.0,Yes
EMP02312,Finance,44,125223,6,57,69.0,No
EMP02313,IT,26,120538,1,51,52.4,No
EMP02314,Admin,33,90850,20,59,84.4,Yes
EMP02315,Sales,50,121043,2,37,51.8,No
EMP02316,HR,44,101068,20,53,92.8,Yes
EMP02317,Sales,42,113184,25,31,83.6,Yes
EMP02318,Sales,32,83974,12,56,81.2,Yes
EMP02319,Sales,41,113722,21,32,72.0,No
EMP02320,HR,43,99747,18,55,82.4,Yes
EMP02321,Admin,26,72939,4,38,62.0,No
EMP02322,Customer Support,52,112408,9,52,78.4,Yes
EMP02323,Admin,36,81531,19,59,83.6,Yes
EMP02324,Operations,41,116167,2,39,59.0,No
EMP02325,Customer Support,27,78468,17,35,83.6,Yes
EMP02326,Customer Support,40,89027,13,31,62.0,No
EMP02327,Customer Support,26,84907,4,42,52.4,No
EMP02328,Admin,40,86600,18,45,82.4,Yes
EMP02329,Engineering,57,157404,7,57,63.8,No
EMP02330,Admin,38,102412,22,32,82.8,Yes
EMP02331,Sales,32,96742,9,30,52.2,No
EMP02332,Customer Support,22,70403,22,38,82.4,Yes
EMP02333,Operations,50,114367,4,44,45.6,No
EMP02334,Marketing,41,119166,3,48,60.2,No
EMP02335,Customer Support,58,122342,21,51,92.4,Yes
EMP02336,Admin,51,109360,1,51,54.4,No
EMP02337,Engineering,43,147950,5,59,62.4,No
EMP02338,IT,55,144378,22,54,96.0,Yes
EMP02339,Finance,23,100993,21,61,97.4,Yes
EMP02340,Marketing,26,93297,24,63,100.0,Yes
EMP02341,Operations,39,94768,15,59,78.4,Yes
EMP02342,IT,60,160510,20,52,92.2,Yes
EMP02343,HR,47,114633,25,48,100.0,Yes
EMP02344,Customer Support,36,90600,18,38,86.2,Yes
EMP02345,Finance,28,95524,13,43,64.2,No
EMP02346,Sales,57,126543,6,40,63.8,No
EMP02347,Operations,47,117102,25,43,100.0,Yes
EMP02348,Operations,38,96061,25,53,100.0,Yes
EMP02349,Admin,41,99050,18,64,89.8,Yes
EMP02350,Engineering,46,144580,25,59,100.0,Yes
EMP02351,IT,31,107309,13,48,81.2,Yes
EMP02352,Engineering,42,133621,21,41,86.4,Yes
EMP02353,Customer Support,58,110789,14,56,90.8,Yes
EMP02354,Marketing,22,79038,5,62,77.2,No
EMP02355,Customer Support,57,123382,1,50,50.8,No
EMP02356,Engineering,31,129333,22,35,72.6,No
EMP02357,Customer Support,59,112125,18,62,86.6,Yes
EMP02358,Operations,50,112741,24,45,97.2,Yes
EMP02359,Operations,33,88723,5,48,49.8,No
EMP02360,Engineering,34,140567,15,45,80.0,Yes
EMP02361,IT,36,116842,15,62,95.2,Yes
EMP02362,IT,42,122688,8,59,61.8,No
EMP02363,Customer Support,23,75226,17,60,80.6,Yes
EMP02364,Sales,47,105364,23,64,100.0,Yes
EMP02365,HR,55,107959,15,60,84.0,Yes
EMP02366,HR,46,111962,12,55,86.6,Yes
EMP02367,Customer Support,49,98583,4,36,48.8,No
EMP02368,Finance,58,136608,24,40,92.2,Yes
EMP02369,IT,42,127284,8,60,70.4,No
EMP02370,Operations,27,94415,21,34,85.2,Yes
EMP02371,Sales,36,102771,11,48,70.6,No
EMP02372,Sales,49,123278,19,47,75.4,Yes
EMP02373,IT,29,105650,17,48,78.4,Yes
EMP02374,Operations,44,109848,23,48,87.2,Yes
EMP02375,Sales,57,123062,16,58,79.6,Yes
EMP02376,IT,29,117390,20,48,84.8,Yes
EMP02377,HR,35,86861,7,49,72.0,No
EMP02378,Sales,21,87135,12,62,82.8,Yes
EMP02379,IT,51,150439,12,39,73.0,No
EMP02380,Admin,41,102100,12,54,86.0,Yes
EMP02381,Admin,31,90059,16,41,77.4,Yes
EMP02382,Finance,21,90335,11,44,64.2,No
EMP02383,IT,35,118453,9,37,61.4,No
EMP02384,Engineering,52,159574,19,30,71.2,No
EMP02385,Operations,33,99657,22,32,90.8,Yes
EMP02386,Operations,27,88295,17,34,80.0,Yes
EMP02387,Admin,55,117635,3,33,55.2,No
EMP02388,Marketing,54,120786,8,46,74.0,No
EMP02389,Marketing,36,99014,23,59,89.8,Yes
EMP02390,Sales,59,118793,18,47,78.6,Yes
EMP02391,IT,25,101994,17,49,78.0,Yes
EMP02392,Marketing,35,107213,19,60,85.2,Yes
EMP02393,HR,55,112436,11,34,67.2,No
EMP02394,Engineering,28,120068,3,60,56.4,No
EMP02395,Marketing,55,125829,20,61,100.0,Yes
EMP02396,Customer Support,21,66583,4,58,72.0,No
EMP02397,Engineering,60,165342,1,46,60.4,No
EMP02398,Engineering,38,136368,21,41,90.4,Yes
EMP02399,Admin,51,106857,10,49,76.4,Yes
EMP02400,Operations,36,106684,9,65,76.2,Yes
EMP02401,Finance,49,129777,25,41,81.6,Yes
EMP02402,Admin,41,91545,16,61,82.4,Yes
EMP02403,Customer Support,25,68098,22,49,95.0,Yes
EMP02404,Admin,42,90962,6,42,55.0,No
EMP02405,Sales,34,96286,17,49,88.0,Yes
EMP02406,Finance,51,136172,22,49,87.0,Yes
EMP02407,IT,57,144688,11,40,67.8,No
EMP02408,IT,31,117871,20,40,88.0,Yes
EMP02409,Customer Support,51,103694,25,47,93.2,Yes
EMP02410,Sales,51,116234,12,39,67.0,No
EMP02411,Operations,43,112536,15,49,86.4,Yes
EMP02412,Customer Support,46,92012,1,55,59.8,No
EMP02413,IT,43,122238,15,47,73.2,No
EMP02414,Sales,34,86575,10,53,71.8,No
EMP02415,Customer Support,48,110949,11,65,76.8,Yes
EMP02416,Admin,34,81300,15,47,69.2,No
EMP02417,IT,36,132629,11,60,82.8,Yes
EMP02418,Customer Support,23,70786,23,61,98.0,Yes
EMP02419,Customer Support,59,107638,2,36,57.2,No
EMP02420,Sales,42,109756,18,53,85.2,Yes
EMP02421,Engineering,28,124234,5,34,54.4,No
EMP02422,IT,30,124811,19,49,81.6,Yes
EMP02423,Finance,56,132942,15,45,84.0,Yes
EMP02424,Sales,55,120549,18,63,82.2,Yes
EMP02425,Finance,29,101636,23,50,97.4,Yes
EMP02426,IT,34,118260,11,59,81.2,Yes
EMP02427,Operations,44,108167,7,46,71.2,No
EMP02428,IT,22,110402,4,56,64.8,No
EMP02429,HR,52,119185,17,33,73.4,No
EMP02430,Customer Support,22,72117,2,62,69.8,No
EMP02431,Sales,52,109599,19,51,78.8,Yes
EMP02432,Finance,57,140824,18,37,71.6,No
EMP02433,Finance,53,138589,19,59,100.0,Yes
EMP02434,Finance,33,103672,25,57,100.0,Yes
EMP02435,IT,49,131192,21,51,85.4,Yes
EMP02436,Operations,57,129568,15,63,76.8,Yes
EMP02437,Sales,46,100818,1,54,46.2,No
EMP02438,Operations,35,97482,14,39,67.6,No
EMP02439,Operations,58,123164,18,59,97.8,Yes
EMP02440,IT,43,128354,7,39,57.0,No
EMP02441,Finance,32,113123,1,64,53.2,No
EMP02442,Admin,29,82530,12,34,64.0,No
EMP02443,Marketing,35,97350,7,49,67.0,No
EMP02444,Marketing,38,96494,7,52,59.8,No
EMP02445,Finance,49,128347,13,31,60.0,No
EMP02446,HR,45,107080,15,58,79.8,Yes
EMP02447,Customer Support,34,78842,19,37,73.4,No
EMP02448,Admin,53,107469,4,40,46.2,No
EMP02449,Operations,52,123002,24,50,91.2,Yes
EMP02450,Finance,34,111462,17,53,82.4,Yes
EMP02451,Finance,53,118837,15,31,69.6,No
EMP02452,Customer Support,47,103209,4,52,59.4,No
EMP02453,Customer Support,25,72515,21,49,81.2,Yes
EMP02454,Engineering,45,144592,1,47,43.0,No
EMP02455,Marketing,30,90192,6,30,56.8,No
EMP02456,IT,30,107277,23,60,90.4,Yes
EMP02457,Marketing,59,132979,24,48,100.0,Yes
EMP02458,IT,47,132122,14,41,77.8,Yes
EMP02459,IT,30,111320,12,37,55.8,No
EMP02460,Marketing,52,124628,10,55,71.0,No
EMP02461,Operations,60,129865,1,31,32.4,No
EMP02462,HR,51,114558,24,39,79.6,Yes
EMP02463,Customer Support,55,106562,25,63,99.8,Yes
EMP02464,HR,27,75418,12,44,73.0,No
EMP02465,Finance,25,98601,16,59,93.2,Yes
EMP02466,IT,49,139004,20,30,81.0,Yes
EMP02467,Sales,51,123894,5,50,62.0,No
EMP02468,Finance,60,145718,16,61,83.4,Yes
EMP02469,Marketing,29,89472,17,38,72.4,No
EMP02470,Finance,26,95450,23,55,100.0,Yes
EMP02471,Marketing,27,88449,8,46,63.0,No
EMP02472,Engineering,42,147337,22,63,100.0,Yes
EMP02473,IT,38,127880,11,57,70.0,No
EMP02474,HR,58,111173,24,54,93.6,Yes
EMP02475,HR,32,86193,5,32,45.2,No
EMP02476,Operations,46,118054,1,60,60.8,No
EMP02477,Customer Support,33,89450,15,43,83.8,Yes
EMP02478,Admin,37,90552,15,37,81.2,Yes
EMP02479,Operations,53,118965,11,41,66.4,No
EMP02480,Admin,52,110618,15,36,76.6,Yes
EMP02481,Finance,37,100232,12,57,84.8,Yes
EMP02482,Finance,29,93441,8,59,64.8,No
EMP02483,Sales,56,122260,5,52,66.2,No
EMP02484,Admin,48,100583,3,62,66.6,No
EMP02485,Marketing,53,114147,5,44,53.4,No
EMP02486,Admin,43,107044,20,39,87.4,Yes
EMP02487,HR,54,122476,18,53,83.2,Yes
EMP02488,IT,54,138081,12,40,62.6,No
EMP02489,Marketing,60,139721,25,39,99.4,Yes
EMP02490,Marketing,48,120735,9,33,57.0,No
EMP02491,Admin,45,106335,14,60,83.2,Yes
EMP02492,Sales,29,88035,1,34,51.2,No
EMP02493,Marketing,40,99940,24,34,88.6,Yes
EMP02494,IT,29,112745,16,40,76.8,Yes
EMP02495,Customer Support,31,80345,13,42,71.6,No
EMP02496,Marketing,25,93154,9,38,54.0,No
EMP02497,IT,58,144266,7,58,67.4,No
EMP02498,HR,41,106259,21,37,81.0,Yes
EMP02499,Finance,54,127408,25,60,100.0,Yes
EMP02500,Finance,40,108035,18,59,81.8,Yes
EMP02501,Sales,42,103770,2,54,51.0,No
EMP02502,Customer Support,50,110967,19,40,79.2,Yes
EMP02503,Admin,35,98769,4,35,59.2,No
EMP02504,Marketing,44,116971,22,61,100.0,Yes
EMP02505,Finance,24,92839,25,47,93.2,Yes
EMP02506,Operations,53,122287,14,46,66.8,No
EMP02507,Finance,21,88154,23,61,100.0,Yes
EMP02508,Marketing,52,121108,19,57,83.4,Yes
EMP02509,Admin,52,119277,20,54,96.4,Yes
EMP02510,HR,45,113344,20,36,89.6,Yes
EMP02511,Finance,27,99219,4,45,64.2,No
EMP02512,Customer Support,59,117180,13,32,74.6,No
EMP02513,Engineering,49,140021,19,63,96.0,Yes
EMP02514,HR,48,98391,7,41,69.2,No
EMP02515,Finance,42,106329,10,56,77.6,Yes
EMP02516,Operations,37,102946,22,52,89.8,Yes
EMP02517,Engineering,38,140614,2,50,65.6,No
EMP02518,IT,37,132333,7,65,83.6,No
EMP02519,Customer Support,41,89837,25,52,100.0,Yes
EMP02520,Operations,26,85657,12,64,82.0,Yes
EMP02521,Finance,40,116305,24,35,86.2,Yes
EMP02522,Engineering,60,164540,21,41,80.4,Yes
EMP02523,Engineering,37,138744,12,51,75.2,Yes
EMP02524,IT,31,110852,11,31,56.4,No
EMP02525,Sales,58,124306,17,65,98.6,Yes
EMP02526,IT,55,142508,13,34,57.8,No
EMP02527,Customer Support,26,77346,9,39,68.6,No
EMP02528,Customer Support,43,89995,5,54,62.4,No
EMP02529,Finance,60,141501,11,44,59.2,No
EMP02530,Admin,36,81063,5,47,64.2,No
EMP02531,Marketing,35,106429,8,44,72.8,No
EMP02532,IT,34,118784,1,48,42.6,No
EMP02533,Engineering,60,170229,15,56,89.6,Yes
EMP02534,Marketing,57,135392,14,41,79.8,Yes
EMP02535,Customer Support,46,102126,24,46,90.8,Yes
EMP02536,Operations,48,115090,12,45,77.6,Yes
EMP02537,Finance,43,117140,23,38,83.2,Yes
EMP02538,IT,55,151588,4,62,73.4,No
EMP02539,Finance,41,115614,20,44,94.4,Yes
EMP02540,Marketing,56,136017,15,47,68.2,No
EMP02541,Engineering,50,142118,16,57,80.0,Yes
EMP02542,Admin,22,65285,15,65,89.0,Yes
EMP02543,IT,51,133343,3,52,56.6,No
EMP02544,Sales,57,132986,24,31,88.8,Yes
EMP02545,IT,48,142414,13,43,70.2,No
EMP02546,Sales,55,129673,11,44,74.2,No
EMP02547,IT,47,145630,25,64,100.0,Yes
EMP02548,HR,21,84449,23,52,87.6,Yes
EMP02549,Finance,25,90282,17,56,82.2,Yes
EMP02550,IT,36,129419,6,31,44.4,No
EMP02551,Finance,42,124208,4,55,64.2,No
EMP02552,Customer Support,47,95938,23,60,99.4,Yes
EMP02553,Finance,32,99213,10,52,74.2,No
EMP02554,Engineering,37,132936,3,41,54.0,No
EMP02555,Marketing,33,100731,12,35,68.6,No
EMP02556,Admin,27,89262,9,31,47.8,No
EMP02557,HR,56,110329,22,53,88.4,Yes
EMP02558,Admin,21,72910,1,30,43.8,No
EMP02559,HR,40,90273,19,53,83.0,Yes
EMP02560,Engineering,33,126755,6,64,72.2,No
EMP02561,IT,27,121208,20,53,84.8,Yes
EMP02562,IT,49,143385,17,39,66.0,No
EMP02563,HR,60,122212,18,37,75.6,Yes
EMP02564,Operations,27,98736,22,41,92.2,Yes
EMP02565,Finance,31,111975,16,42,70.0,No
EMP02566,Operations,60,131741,15,65,92.0,Yes
EMP02567,Admin,28,78668,3,51,59.0,No
EMP02568,Marketing,30,99247,16,42,67.0,No
EMP02569,HR,43,108634,16,36,64.4,No
EMP02570,Admin,41,103294,19,64,96.6,Yes
EMP02571,Marketing,55,120439,10,50,74.0,No
EMP02572,Sales,33,97846,21,57,97.0,Yes
EMP02573,Finance,45,125096,16,31,62.4,No
EMP02574,Admin,41,96223,16,54,88.2,Yes
EMP02575,HR,39,92962,17,32,63.8,No
EMP02576,Admin,40,86571,6,50,69.8,No
EMP02577,HR,22,72568,10,54,73.4,No
EMP02578,HR,55,122658,22,57,100.0,Yes
EMP02579,Admin,32,82428,12,32,55.8,No
EMP02580,IT,50,132390,8,50,62.4,No
EMP02581,Marketing,52,113882,19,30,76.2,Yes
EMP02582,Finance,34,103677,10,30,58.0,No
EMP02583,Customer Support,32,86571,8,53,59.2,No
EMP02584,IT,30,114460,20,45,88.0,Yes
EMP02585,Sales,57,126808,7,47,52.8,No
EMP02586,Customer Support,47,97609,13,47,78.6,Yes
EMP02587,HR,37,85769,21,55,96.8,Yes
EMP02588,Marketing,29,88577,3,37,44.6,No
EMP02589,Finance,52,128127,6,64,66.2,No
EMP02590,Customer Support,37,88786,10,64,77.4,Yes
EMP02591,Sales,57,126340,4,37,47.4,No
EMP02592,Admin,26,72365,16,42,82.0,Yes
EMP02593,Engineering,23,111250,16,36,69.4,No
EMP02594,Customer Support,23,64808,6,35,50.8,No
EMP02595,Operations,48,119084,15,39,81.4,Yes
EMP02596,Admin,23,71495,25,42,92.2,Yes
EMP02597,HR,23,75818,5,51,56.6,No
EMP02598,Engineering,43,144422,7,33,56.4,No
EMP02599,Sales,30,88380,17,34,68.0,No
EMP02600,Operations,33,87429,22,58,100.0,Yes
EMP02601,Marketing,25,89430,20,63,100.0,Yes
EMP02602,IT,31,109058,18,50,77.4,Yes
EMP02603,Customer Support,25,65572,17,64,100.0,Yes
EMP02604,Operations,31,88901,12,32,55.8,No
EMP02605,HR,35,100438,13,30,54.4,No
EMP02606,Finance,45,127469,8,32,62.6,No
EMP02607,HR,25,88726,21,60,100.0,Yes
EMP02608,Sales,45,113734,22,54,91.0,Yes
EMP02609,Sales,52,123100,12,59,73.0,No
EMP02610,Admin,50,101731,12,44,69.0,No
EMP02611,Customer Support,32,85461,9,40,52.2,No
EMP02612,Sales,48,117671,5,32,53.2,No
EMP02613,Marketing,55,127565,13,38,64.2,No
EMP02614,Customer Support,46,105021,14,59,86.6,Yes
EMP02615,Engineering,45,144682,12,51,76.2,Yes
EMP02616,Admin,29,78909,7,45,57.6,No
EMP02617,Marketing,57,133583,24,53,100.0,Yes
EMP02618,Operations,47,110396,21,49,91.2,Yes
EMP02619,Engineering,30,130821,4,64,66.6,No
EMP02620,Customer Support,60,114116,2,42,50.8,No
EMP02621,IT,56,154157,22,54,97.0,Yes
EMP02622,Engineering,32,131047,1,43,57.6,No
EMP02623,Sales,32,96568,24,39,96.6,Yes
EMP02624,IT,33,124954,14,50,74.2,No
EMP02625,Engineering,29,115956,11,63,72.6,No
EMP02626,Finance,25,86728,1,30,41.8,No
EMP02627,Operations,26,83134,12,42,64.8,No
EMP02628,Finance,40,122118,12,50,77.6,Yes
EMP02629,Operations,51,117694,23,41,87.0,Yes
EMP02630,Admin,27,74749,6,39,59.2,No
EMP02631,Admin,28,75786,20,56,98.6,Yes
EMP02632,Engineering,56,155372,23,47,84.6,Yes
EMP02633,Engineering,30,120443,4,32,50.4,No
EMP02634,Customer Support,51,96853,16,40,82.8,Yes
EMP02635,Engineering,44,147458,19,41,70.8,No
EMP02636,Operations,52,121523,11,35,54.8,No
EMP02637,IT,32,121298,20,49,81.4,Yes
EMP02638,Marketing,28,93179,21,50,81.8,Yes
EMP02639,Engineering,43,137139,1,56,58.4,No
EMP02640,Marketing,37,111453,17,47,70.8,No
EMP02641,Operations,52,117225,6,33,51.6,No
EMP02642,Engineering,37,125725,14,51,75.8,Yes
EMP02643,Finance,50,116028,11,65,74.8,No
EMP02644,HR,60,121919,24,31,85.8,Yes
EMP02645,Engineering,33,120779,13,54,75.8,Yes
EMP02646,Operations,45,114910,12,62,83.8,Yes
EMP02647,IT,42,138500,12,46,67.2,No
EMP02648,Sales,52,122141,9,35,51.2,No
EMP02649,Admin,41,90411,4,31,40.8,No
EMP02650,Finance,36,100328,6,53,58.6,No
EMP02651,Marketing,57,120871,25,35,78.0,Yes
EMP02652,Operations,21,77319,20,34,86.4,Yes
EMP02653,Operations,50,110996,22,36,74.2,No
EMP02654,Marketing,29,90880,24,35,78.2,Yes
EMP02655,HR,26,78088,14,44,64.6,No
EMP02656,Customer Support,26,72512,11,63,84.6,Yes
EMP02657,Engineering,33,134975,20,41,81.6,Yes
EMP02658,HR,58,126232,15,41,63.6,No
EMP02659,IT,26,105915,7,46,69.2,No
EMP02660,Marketing,57,120883,23,37,81.6,Yes
EMP02661,Operations,32,90722,25,44,95.4,Yes
EMP02662,Sales,58,131202,20,56,100.0,Yes
EMP02663,Marketing,39,108097,14,46,71.8,No
EMP02664,HR,54,114022,21,46,82.4,Yes
EMP02665,HR,25,81279,3,61,55.0,No
EMP02666,Customer Support,60,107393,3,58,54.2,No
EMP02667,Operations,41,114851,23,34,81.8,Yes
EMP02668,Engineering,41,141338,12,60,84.6,Yes
EMP02669,Engineering,40,134235,11,64,77.2,Yes
EMP02670,IT,58,153026,2,52,60.8,No
EMP02671,Operations,50,122217,13,59,84.8,Yes
EMP02672,IT,30,119749,24,54,87.6,Yes
EMP02673,Operations,29,94888,13,39,69.8,No
EMP02674,Customer Support,21,65149,22,41,94.2,Yes
EMP02675,Marketing,32,101221,4,31,52.8,No
EMP02676,Sales,30,81710,11,42,72.0,No
EMP02677,IT,46,134298,10,65,76.0,Yes
EMP02678,Engineering,33,133783,20,61,97.6,Yes
EMP02679,Engineering,31,128779,22,33,74.4,No
EMP02680,Operations,25,96916,23,60,98.4,Yes
EMP02681,Marketing,30,93091,17,61,92.2,Yes
EMP02682,HR,52,113494,10,40,74.0,No
EMP02683,Customer Support,40,102631,20,37,74.2,No
EMP02684,Sales,54,113998,11,53,74.6,No
EMP02685,Engineering,57,163049,3,31,47.0,No
EMP02686,Marketing,47,114049,7,50,64.6,No
EMP02687,Sales,51,125114,18,51,85.0,Yes
EMP02688,IT,33,129026,11,44,77.2,Yes
EMP02689,Marketing,36,93835,16,60,86.8,Yes
EMP02690,Finance,53,129139,13,39,60.8,No
EMP02691,Engineering,54,146993,15,47,81.2,Yes
EMP02692,Marketing,45,108688,25,47,96.2,Yes
EMP02693,Engineering,24,108900,8,44,62.8,No
EMP02694,Engineering,43,140537,18,39,77.8,Yes
EMP02695,Operations,52,115955,20,64,100.0,Yes
EMP02696,Finance,33,100987,10,33,65.8,No
EMP02697,Sales,53,122460,8,54,58.8,No
EMP02698,Sales,40,102702,7,39,48.0,No
EMP02699,Customer Support,22,76635,3,53,53.2,No
EMP02700,Customer Support,49,113259,18,40,82.4,Yes
EMP02701,Finance,41,113242,9,59,69.6,No
EMP02702,Engineering,59,170017,10,40,58.0,No
EMP02703,HR,41,99899,4,33,56.0,No
EMP02704,Operations,51,120488,5,50,68.0,No
EMP02705,Customer Support,22,74360,21,50,84.8,Yes
EMP02706,HR,41,99817,21,48,96.6,Yes
EMP02707,HR,57,112721,17,33,77.4,Yes
EMP02708,Finance,25,88350,5,39,60.4,No
EMP02709,Marketing,31,98900,3,53,59.2,No
EMP02710,Customer Support,26,82336,11,34,64.2,No
EMP02711,HR,55,118975,17,56,80.2,Yes
EMP02712,Finance,56,127412,7,58,62.4,No
EMP02713,Marketing,37,112674,8,33,46.2,No
EMP02714,Marketing,24,80182,16,32,67.0,No
EMP02715,IT,35,122468,5,62,68.2,No
EMP02716,Customer Support,45,98490,1,62,66.0,No
EMP02717,Customer Support,22,62714,18,34,70.8,No
EMP02718,HR,58,128695,7,44,66.0,No
EMP02719,Operations,21,91257,23,35,85.4,Yes
EMP02720,IT,53,138589,13,43,78.2,Yes
EMP02721,Sales,21,82465,9,65,83.2,Yes
EMP02722,IT,45,134960,7,46,58.2,No
EMP02723,Sales,41,103551,13,37,71.6,No
EMP02724,Engineering,22,119693,20,62,91.2,Yes
EMP02725,Finance,32,96897,2,54,54.0,No
EMP02726,Sales,33,104039,23,43,88.2,Yes
EMP02727,Engineering,44,151374,2,44,50.0,No
EMP02728,Admin,34,78205,1,49,49.2,No
EMP02729,Operations,32,98132,7,61,71.2,No
EMP02730,Customer Support,50,111111,20,40,87.0,Yes
EMP02731,Sales,56,114745,22,45,97.6,Yes
EMP02732,HR,27,72767,1,33,41.6,No
EMP02733,Sales,21,88815,15,54,76.4,Yes
EMP02734,HR,27,78651,12,43,72.4,No
EMP02735,Finance,44,108533,9,56,70.8,No
EMP02736,Finance,23,91208,10,39,67.4,No
EMP02737,Finance,34,111414,21,31,73.4,No
EMP02738,Finance,21,95117,3,45,62.4,No
EMP02739,Sales,56,130655,9,31,61.8,No
EMP02740,IT,25,113026,7,34,57.0,No
EMP02741,HR,22,81660,16,57,88.0,Yes
EMP02742,HR,32,80464,19,32,73.4,No
EMP02743,Engineering,39,127599,7,47,60.8,No
EMP02744,Marketing,33,89663,23,58,100.0,Yes
EMP02745,Customer Support,23,70186,18,61,82.0,Yes
EMP02746,Operations,39,108750,3,53,64.2,No
EMP02747,IT,55,154055,12,53,82.4,Yes
EMP02748,Operations,30,96336,24,52,91.4,Yes
EMP02749,Customer Support,58,115984,12,59,78.0,Yes
EMP02750,Engineering,30,129363,22,64,100.0,Yes
EMP02751,Finance,48,117110,20,46,85.6,Yes
EMP02752,Engineering,43,136983,15,64,78.4,Yes
EMP02753,Admin,42,107021,21,39,83.2,Yes
EMP02754,IT,55,142744,19,38,81.0,Yes
EMP02755,Customer Support,26,84025,4,62,57.4,No
EMP02756,Finance,54,128146,19,30,81.2,Yes
EMP02757,Marketing,31,103229,22,51,85.2,Yes
EMP02758,Operations,41,113341,18,55,89.4,Yes
EMP02759,Operations,35,92487,24,56,95.8,Yes
EMP02760,IT,50,130019,23,42,94.6,Yes
EMP02761,Engineering,27,122445,5,34,48.4,No
EMP02762,Sales,46,103364,7,64,69.0,No
EMP02763,HR,22,70367,1,48,48.6,No
EMP02764,Finance,32,108230,3,46,48.0,No
EMP02765,Operations,48,104946,22,55,100.0,Yes
EMP02766,Operations,40,101830,13,53,76.2,Yes
EMP02767,Engineering,48,153700,21,32,70.0,No
EMP02768,Operations,52,117781,12,31,67.2,No
EMP02769,Admin,45,104851,25,36,96.6,Yes
EMP02770,Operations,60,119895,22,61,100.0,Yes
EMP02771,Engineering,23,123160,25,35,86.0,Yes
EMP02772,Finance,55,124080,3,45,58.4,No
EMP02773,Operations,45,102125,8,60,72.4,No
EMP02774,Admin,40,92096,25,58,100.0,Yes
EMP02775,Finance,47,130845,1,38,36.6,No
EMP02776,Engineering,53,149538,3,62,68.6,No
EMP02777,Customer Support,38,88896,18,33,82.2,Yes
EMP02778,Admin,28,85402,16,41,74.4,No
EMP02779,HR,31,91183,10,51,63.6,No
EMP02780,Finance,30,106933,7,60,67.6,No
EMP02781,Customer Support,21,72544,25,41,82.6,Yes
EMP02782,IT,40,137122,8,51,72.0,No
EMP02783,Engineering,35,125327,23,37,80.6,Yes
EMP02784,IT,29,119155,24,31,88.8,Yes
EMP02785,Customer Support,44,99868,1,63,71.6,No
EMP02786,Finance,55,122098,14,60,81.2,Yes
EMP02787,Admin,48,96793,23,57,89.6,Yes
EMP02788,Sales,26,91752,22,52,94.8,Yes
EMP02789,Marketing,53,114390,5,37,48.2,No
EMP02790,IT,26,115817,22,42,93.8,Yes
EMP02791,Admin,44,91989,9,60,69.2,No
EMP02792,Customer Support,58,105902,4,65,65.2,No
EMP02793,IT,33,122402,10,38,52.8,No
EMP02794,HR,44,96494,17,30,76.6,Yes
EMP02795,Admin,38,87091,1,49,53.2,No
EMP02796,Engineering,36,138756,7,42,64.8,No
EMP02797,Marketing,51,123909,4,41,60.8,No
EMP02798,Finance,55,137707,5,38,47.8,No
EMP02799,Engineering,25,128551,17,34,68.0,No
EMP02800,Customer Support,36,85584,21,53,89.6,Yes
EMP02801,HR,47,97806,25,57,100.0,Yes
EMP02802,HR,46,108004,7,53,70.4,No
EMP02803,Marketing,59,136507,24,38,97.0,Yes
EMP02804,Customer Support,53,106508,21,40,92.8,Yes
EMP02805,Sales,54,123980,16,34,80.2,Yes
EMP02806,Customer Support,22,64180,3,65,60.4,No
EMP02807,Operations,23,83802,9,55,75.2,Yes
EMP02808,Sales,42,105497,18,50,89.4,Yes
EMP02809,Engineering,53,163431,13,65,93.4,Yes
EMP02810,IT,57,141381,16,51,86.4,Yes
EMP02811,Admin,42,95644,17,34,83.0,Yes
EMP02812,Sales,38,98065,10,62,77.2,Yes
EMP02813,Marketing,41,110620,19,42,80.4,Yes
EMP02814,Operations,33,95726,17,56,84.2,Yes
EMP02815,Customer Support,59,110363,22,42,85.8,Yes
EMP02816,Operations,33,104717,23,64,100.0,Yes
EMP02817,Engineering,34,126482,19,63,87.0,Yes
EMP02818,Marketing,39,102799,7,51,75.2,No
EMP02819,Operations,52,125270,8,55,67.4,No
EMP02820,Engineering,57,153195,18,51,83.0,Yes
EMP02821,Finance,59,138139,9,37,67.4,No
EMP02822,HR,46,103549,3,42,57.6,No
EMP02823,Admin,50,113748,19,47,92.4,Yes
EMP02824,Marketing,47,120415,9,33,68.0,No
EMP02825,Finance,52,130077,16,57,85.0,Yes
EMP02826,IT,28,115440,6,37,46.0,No
EMP02827,Finance,23,100572,9,36,66.8,No
EMP02828,IT,38,122313,4,57,54.4,No
EMP02829,HR,57,119462,1,37,55.0,No
EMP02830,Sales,38,98152,14,45,71.2,No
EMP02831,Sales,60,124745,18,52,79.6,Yes
EMP02832,Admin,22,70604,19,50,81.2,Yes
EMP02833,Marketing,45,109255,18,31,65.0,No
EMP02834,Sales,57,116535,16,37,70.0,No
EMP02835,Marketing,47,126375,8,59,66.8,No
EMP02836,Marketing,32,88503,9,36,56.8,No
EMP02837,Customer Support,40,97619,19,54,84.6,Yes
EMP02838,Finance,35,111553,3,56,65.0,No
EMP02839,Customer Support,30,71754,20,54,97.4,Yes
EMP02840,Marketing,38,109908,22,61,100.0,Yes
EMP02841,Operations,42,114031,1,61,69.4,No
EMP02842,Engineering,45,146221,20,43,77.8,Yes
EMP02843,Customer Support,25,71787,6,55,61.8,No
EMP02844,Operations,41,104351,13,47,72.6,No
EMP02845,Customer Support,35,77795,20,60,100.0,Yes
EMP02846,Finance,36,110942,15,31,75.6,Yes
EMP02847,Operations,43,114687,13,31,67.0,No
EMP02848,Customer Support,49,102153,3,57,62.6,No
EMP02849,Sales,35,102680,12,46,66.2,No
EMP02850,Marketing,31,106831,19,63,100.0,Yes
EMP02851,HR,33,81172,13,53,74.2,No
EMP02852,IT,26,102840,3,65,64.4,No
EMP02853,Admin,26,73083,9,58,72.0,No
EMP02854,Customer Support,30,78506,9,41,65.8,No
EMP02855,IT,40,125596,17,34,65.0,No
EMP02856,HR,60,121445,19,41,87.8,Yes
EMP02857,Customer Support,51,96763,6,45,55.8,No
EMP02858,Finance,59,134616,3,36,44.0,No
EMP02859,Finance,55,139135,25,59,100.0,Yes
EMP02860,IT,32,116449,18,41,69.0,No
EMP02861,IT,41,136018,25,47,85.2,Yes
EMP02862,Admin,53,105022,2,55,53.6,No
EMP02863,Engineering,24,116727,5,38,62.8,No
EMP02864,Sales,44,112707,15,45,71.0,No
EMP02865,Marketing,28,85797,6,32,54.0,No
EMP02866,HR,29,92130,10,59,80.4,Yes
EMP02867,Admin,46,109404,18,55,91.4,Yes
EMP02868,Operations,54,120038,20,55,97.0,Yes
EMP02869,IT,47,130536,17,61,80.2,Yes
EMP02870,Finance,34,105579,20,53,82.8,Yes
EMP02871,Customer Support,59,115614,13,54,78.8,Yes
EMP02872,Operations,22,73925,16,42,72.0,No
EMP02873,IT,48,137495,15,38,73.8,No
EMP02874,IT,36,127586,1,44,48.2,No
EMP02875,Customer Support,52,109575,15,59,80.4,Yes
EMP02876,IT,50,138040,14,33,61.0,No
EMP02877,Sales,27,88886,12,33,67.4,No
EMP02878,Customer Support,45,100625,3,48,62.2,No
EMP02879,Engineering,56,149420,2,60,62.6,No
EMP02880,Marketing,42,105837,10,62,67.2,No
EMP02881,IT,27,111234,24,65,95.2,Yes
EMP02882,Admin,22,75565,7,63,62.4,No
EMP02883,Customer Support,49,105168,11,59,86.2,Yes
EMP02884,Sales,41,111140,12,33,71.4,No
EMP02885,Engineering,28,127801,25,61,100.0,Yes
EMP02886,Admin,23,66804,24,62,96.4,Yes
EMP02887,Operations,45,109752,22,58,90.4,Yes
EMP02888,Marketing,30,95036,3,54,61.8,No
EMP02889,HR,35,82396,2,49,49.0,No
EMP02890,Customer Support,33,88283,19,42,75.4,Yes
EMP02891,Admin,48,101501,19,46,73.8,No
EMP02892,IT,25,115815,2,46,45.2,No
EMP02893,Engineering,35,125743,6,61,61.4,No
EMP02894,Operations,50,122365,20,53,87.8,Yes
EMP02895,Admin,57,116099,18,51,91.0,Yes
EMP02896,Admin,30,92459,22,47,86.8,Yes
EMP02897,HR,35,90919,14,60,83.2,Yes
EMP02898,Sales,53,110280,16,55,91.8,Yes
EMP02899,Sales,40,111186,4,39,49.6,No
EMP02900,Marketing,35,95230,15,39,79.4,Yes
EMP02901,Operations,53,124339,14,55,88.2,Yes
EMP02902,Sales,42,100723,3,45,63.4,No
EMP02903,Finance,51,118064,25,50,100.0,Yes
EMP02904,Customer Support,46,105704,5,56,54.6,No
EMP02905,Operations,42,105122,4,49,63.6,No
EMP02906,Customer Support,52,110681,19,43,85.0,Yes
EMP02907,Sales,36,99213,8,40,55.4,No
EMP02908,Operations,59,120515,19,54,81.6,Yes
EMP02909,Finance,26,91116,24,30,90.2,Yes
EMP02910,Engineering,48,139282,3,39,40.8,No
EMP02911,IT,51,140749,2,38,49.4,No
EMP02912,Finance,43,116750,2,40,49.6,No
EMP02913,HR,27,73694,19,35,86.2,Yes
EMP02914,Marketing,21,91268,6,55,58.8,No
EMP02915,Sales,38,92948,20,63,100.0,Yes
EMP02916,IT,39,136662,3,59,60.8,No
EMP02917,Admin,31,94073,4,61,62.8,No
EMP02918,HR,39,92134,13,51,81.0,Yes
EMP02919,Operations,49,115422,17,49,92.0,Yes
EMP02920,Customer Support,46,100902,8,49,61.8,No
EMP02921,Engineering,36,124405,5,39,46.4,No
EMP02922,Finance,24,98510,5,36,46.6,No
EMP02923,Finance,30,101484,10,51,78.6,Yes
EMP02924,Engineering,36,127217,14,56,90.8,Yes
EMP02925,Sales,56,127706,23,43,99.2,Yes
EMP02926,Operations,23,80874,6,55,66.8,No
EMP02927,HR,25,82765,2,46,48.2,No
EMP02928,Engineering,52,153003,22,55,98.6,Yes
EMP02929,Operations,29,92114,24,57,100.0,Yes
EMP02930,HR,32,92024,6,46,52.4,No
EMP02931,Operations,52,113998,5,32,47.2,No
EMP02932,Engineering,53,149515,9,42,66.4,No
EMP02933,HR,23,78838,21,53,100.0,Yes
EMP02934,Operations,44,115620,1,36,51.4,No
EMP02935,Marketing,33,106147,5,51,59.6,No
EMP02936,Customer Support,54,114052,17,42,68.8,No
EMP02937,Admin,50,111956,10,64,69.4,No
EMP02938,Operations,39,113110,1,56,67.4,No
EMP02939,Engineering,25,129947,14,59,90.6,Yes
EMP02940,Operations,35,103721,19,44,80.6,Yes
EMP02941,HR,40,100937,8,46,62.0,No
EMP02942,Admin,21,69467,8,32,59.6,No
EMP02943,Customer Support,36,79765,1,57,50.0,No
EMP02944,Admin,38,83135,18,56,94.0,Yes
EMP02945,HR,40,105501,16,43,83.6,Yes
EMP02946,Finance,39,120174,8,54,68.8,No
EMP02947,Admin,32,75865,21,42,88.0,Yes
EMP02948,Operations,26,93924,21,45,76.8,Yes
EMP02949,IT,27,107938,24,46,91.8,Yes
EMP02950,Customer Support,37,86087,6,57,62.0,No
EMP02951,Finance,44,117941,25,48,100.0,Yes
EMP02952,Finance,56,126179,3,39,40.8,No
EMP02953,Finance,36,104064,25,47,88.2,Yes
EMP02954,Operations,49,123317,4,62,70.4,No
EMP02955,Finance,53,121328,16,47,80.0,Yes
EMP02956,Operations,26,84402,6,54,72.2,No
EMP02957,HR,37,86478,20,35,74.0,No
EMP02958,Operations,30,100524,6,63,66.6,No
EMP02959,Operations,51,120955,1,51,57.4,No
EMP02960,Admin,27,76358,25,55,95.0,Yes
EMP02961,Engineering,33,127030,25,34,92.4,Yes
EMP02962,Engineering,56,159287,13,50,71.4,No
EMP02963,HR,23,67721,15,42,82.2,Yes
EMP02964,HR,43,102699,22,53,96.4,Yes
EMP02965,Operations,21,76593,15,35,63.0,No
EMP02966,Admin,59,127227,18,37,70.6,No
EMP02967,Engineering,51,152364,18,65,86.4,Yes
EMP02968,HR,60,120062,21,50,88.8,Yes
EMP02969,Customer Support,55,104492,10,32,50.2,No
EMP02970,IT,40,130438,23,46,85.0,Yes
EMP02971,Operations,38,109998,14,34,68.6,No
EMP02972,Engineering,25,123332,10,49,59.4,No
EMP02973,Sales,22,74449,11,41,60.4,No
EMP02974,Finance,54,122918,12,37,63.8,No
EMP02975,Operations,42,116287,4,41,49.8,No
EMP02976,Finance,58,133660,8,33,55.2,No
EMP02977,Admin,56,123118,3,65,73.4,No
EMP02978,Admin,40,88291,22,49,93.0,Yes
EMP02979,Sales,23,83520,14,35,66.2,No
EMP02980,IT,24,118077,3,36,39.0,No
EMP02981,Engineering,27,124233,2,60,63.6,No
EMP02982,Finance,55,140361,9,40,69.2,No
EMP02983,Finance,36,104266,11,40,75.8,Yes
EMP02984,Finance,57,138811,21,31,74.4,No
EMP02985,IT,29,112618,24,62,100.0,Yes
EMP02986,Admin,21,78343,9,42,70.4,No
EMP02987,HR,36,95928,14,43,69.0,No
EMP02988,Sales,54,123055,12,38,74.4,No
EMP02989,Sales,47,105484,9,45,68.2,No
EMP02990,Engineering,37,137688,1,37,54.0,No
EMP02991,Sales,33,103494,23,38,81.2,Yes
EMP02992,Finance,58,128940,22,45,79.6,Yes
EMP02993,Marketing,35,94365,24,32,86.4,Yes
EMP02994,Marketing,29,103627,9,37,50.4,No
EMP02995,Finance,34,109344,23,30,74.4,No
EMP02996,Marketing,42,105216,15,39,82.4,Yes
EMP02997,Operations,28,93010,11,56,81.4,Yes
EMP02998,Engineering,38,130381,22,42,82.8,Yes
EMP02999,Operations,45,117053,7,45,66.6,No
EMP03000,Customer Support,38,80700,2,46,56.2,No
EMP03001,IT,50,145032,2,33,51.4,No
EMP03002,Marketing,39,106211,14,37,63.4,No
EMP03003,Sales,39,92251,6,57,72.0,No
EMP03004,Finance,54,131198,19,59,90.6,Yes
EMP03005,Engineering,35,137624,7,47,64.8,No
EMP03006,IT,38,129956,16,44,71.2,No
EMP03007,Marketing,22,89001,21,61,93.4,Yes
EMP03008,Admin,56,107798,21,39,81.2,Yes
EMP03009,Admin,44,98706,9,36,65.8,No
EMP03010,Customer Support,40,101584,1,34,37.2,No
EMP03011,Sales,36,106417,9,45,74.2,No
EMP03012,Admin,57,122712,6,61,59.4,No
EMP03013,HR,30,89753,11,65,88.8,Yes
EMP03014,HR,42,96539,16,42,69.0,No
EMP03015,Customer Support,40,102208,9,47,62.4,No
EMP03016,Operations,46,117661,4,54,70.6,No
EMP03017,Marketing,33,100614,11,32,62.0,No
EMP03018,Marketing,51,127359,18,51,82.0,Yes
EMP03019,Admin,48,97981,1,34,52.2,No
EMP03020,Marketing,29,91516,14,32,70.4,No
EMP03021,Admin,47,96762,24,34,92.6,Yes
EMP03022,IT,49,135958,8,43,63.2,No
EMP03023,HR,27,91651,9,30,59.2,No
EMP03024,Sales,28,85451,21,58,86.6,Yes
EMP03025,Marketing,42,103464,20,37,78.2,Yes
EMP03026,Admin,59,109247,24,45,97.2,Yes
EMP03027,Admin,38,98641,6,30,46.8,No
EMP03028,Operations,47,119905,4,35,58.2,No
EMP03029,Sales,35,98434,1,57,59.0,No
EMP03030,Admin,49,96681,23,40,80.4,Yes
EMP03031,HR,57,114709,22,47,84.8,Yes
EMP03032,Marketing,31,93078,24,32,80.4,Yes
EMP03033,Marketing,34,105901,5,48,50.8,No
EMP03034,Marketing,49,109831,20,38,73.8,No
EMP03035,Operations,34,101949,21,49,83.2,Yes
EMP03036,IT,25,100249,16,54,78.2,Yes
EMP03037,HR,44,106574,18,41,72.0,No
EMP03038,IT,26,106237,7,34,58.0,No
EMP03039,Customer Support,27,76120,8,40,66.4,No
EMP03040,Admin,56,119045,19,51,81.8,Yes
EMP03041,Admin,59,122514,22,43,90.4,Yes
EMP03042,Engineering,32,126927,9,50,77.2,Yes
EMP03043,HR,34,90484,7,55,69.6,No
EMP03044,Engineering,55,150154,3,37,40.6,No
EMP03045,Admin,35,94706,4,65,70.2,No
EMP03046,IT,58,145491,2,63,70.4,No
EMP03047,IT,35,128659,8,33,65.2,No
EMP03048,Finance,55,139097,8,64,66.8,No
EMP03049,Admin,42,95908,18,35,73.4,No
EMP03050,Admin,42,88842,5,41,58.6,No
EMP03051,Marketing,52,115328,5,44,63.4,No
EMP03052,Engineering,30,133915,3,57,53.6,No
EMP03053,Engineering,41,140265,6,47,51.0,No
EMP03054,HR,23,68393,25,31,75.6,Yes
EMP03055,Operations,26,80907,6,35,49.8,No
EMP03056,Finance,51,128374,15,64,78.4,Yes
EMP03057,HR,59,122378,24,39,88.6,Yes
EMP03058,Finance,45,118572,17,48,79.4,Yes
EMP03059,Finance,31,111872,18,39,85.8,Yes
EMP03060,Engineering,55,163112,10,61,68.6,No
EMP03061,IT,30,122430,25,48,100.0,Yes
EMP03062,Operations,23,75923,13,60,87.4,Yes
EMP03063,Engineering,48,157234,1,32,34.0,No
EMP03064,Sales,21,81516,8,54,78.8,Yes
EMP03065,Finance,42,114413,12,63,87.4,Yes
EMP03066,Customer Support,30,78726,13,37,70.6,No
EMP03067,Sales,30,91539,17,44,80.0,Yes
EMP03068,Operations,24,94701,10,40,66.0,No
EMP03069,Admin,23,79993,23,32,73.6,No
EMP03070,Marketing,47,126129,8,56,79.0,Yes
EMP03071,Engineering,56,147756,20,52,98.2,Yes
EMP03072,IT,54,136789,5,34,49.4,No
EMP03073,Finance,24,101120,13,46,66.0,No
EMP03074,Admin,56,112772,24,30,93.2,Yes
EMP03075,IT,37,130733,18,60,87.4,Yes
EMP03076,Marketing,54,132112,13,42,80.6,Yes
EMP03077,Customer Support,25,70074,9,45,57.2,No
EMP03078,Customer Support,30,76599,20,48,92.8,Yes
EMP03079,Sales,57,118596,14,49,66.6,No
EMP03080,Customer Support,36,90267,25,38,95.8,Yes
EMP03081,Marketing,48,115852,4,49,50.6,No
EMP03082,HR,50,112775,13,48,69.2,No
EMP03083,Operations,43,99986,25,48,90.8,Yes
EMP03084,Marketing,46,116338,24,53,100.0,Yes
EMP03085,Sales,32,86172,7,31,58.2,No
EMP03086,Sales,45,108522,14,47,81.4,Yes
EMP03087,Admin,57,112801,17,31,64.2,No
EMP03088,Marketing,44,119798,18,62,86.6,Yes
EMP03089,Operations,38,107859,24,38,97.0,Yes
EMP03090,Operations,24,77684,2,48,53.4,No
EMP03091,Marketing,36,104834,7,43,56.4,No
EMP03092,Sales,54,113803,19,50,88.2,Yes
EMP03093,IT,35,115099,4,35,59.2,No
EMP03094,Admin,50,114838,15,37,62.2,No
EMP03095,Marketing,59,127287,8,35,62.4,No
EMP03096,IT,34,118196,13,50,66.4,No
EMP03097,HR,47,99148,24,34,94.6,Yes
EMP03098,Engineering,53,156357,25,50,90.0,Yes
EMP03099,Admin,50,114185,14,65,76.2,Yes
EMP03100,IT,21,96163,7,31,61.2,No
EMP03101,Operations,27,83070,25,56,100.0,Yes
EMP03102,Admin,29,84163,1,45,50.8,No
EMP03103,Engineering,51,160732,9,48,60.0,No
EMP03104,HR,47,109237,20,43,84.8,Yes
EMP03105,Operations,60,121498,5,33,49.8,No
EMP03106,Finance,59,144642,4,63,66.0,No
EMP03107,Admin,27,76980,10,44,68.4,No
EMP03108,Engineering,54,164020,11,31,54.4,No
EMP03109,Marketing,47,113464,6,40,65.8,No
EMP03110,Admin,59,115668,5,34,55.4,No
EMP03111,Operations,38,95114,11,56,67.4,No
EMP03112,HR,37,88661,23,48,98.2,Yes
EMP03113,Customer Support,55,113020,24,32,94.4,Yes
EMP03114,Operations,22,86359,8,61,76.0,Yes
EMP03115,HR,48,101417,17,36,68.2,No
EMP03116,HR,48,99414,2,42,56.8,No
EMP03117,Operations,34,107704,13,55,70.4,No
EMP03118,Customer Support,22,63781,5,59,66.4,No
EMP03119,Finance,34,104123,6,43,58.6,No
EMP03120,HR,43,109631,14,62,79.4,Yes
EMP03121,Finance,48,126509,16,61,94.4,Yes
EMP03122,Marketing,30,95515,17,46,71.2,No
EMP03123,Marketing,28,83762,10,65,85.0,Yes
EMP03124,Marketing,49,116579,11,49,76.2,Yes
EMP03125,Admin,56,105711,5,56,60.6,No
EMP03126,Operations,35,90749,20,37,73.2,No
EMP03127,Engineering,44,152646,23,31,73.0,No
EMP03128,Operations,53,120081,19,34,75.6,Yes
EMP03129,IT,57,146763,1,58,66.6,No
EMP03130,Customer Support,31,90966,25,56,100.0,Yes
EMP03131,Admin,39,86737,21,59,100.0,Yes
EMP03132,IT,39,135781,18,53,88.2,Yes
EMP03133,Marketing,57,136925,5,51,54.6,No
EMP03134,HR,39,96944,25,62,100.0,Yes
EMP03135,Marketing,60,125550,6,42,53.0,No
EMP03136,Sales,35,101086,25,39,92.4,Yes
EMP03137,Admin,57,106152,2,56,66.2,No
EMP03138,IT,51,146180,13,37,70.6,No
EMP03139,Engineering,22,116541,6,43,65.6,No
EMP03140,Admin,35,89675,20,44,93.4,Yes
EMP03141,Marketing,44,121187,17,38,65.4,No
EMP03142,HR,39,90660,12,56,71.2,No
EMP03143,Customer Support,57,121397,11,31,54.4,No
EMP03144,Operations,46,116426,18,39,75.8,Yes
EMP03145,Admin,26,79495,13,54,80.8,Yes
EMP03146,Marketing,25,95791,1,65,65.8,No
EMP03147,IT,27,119718,25,42,92.2,Yes
EMP03148,Operations,57,123655,25,37,85.2,Yes
EMP03149,Customer Support,38,88484,18,39,85.8,Yes
EMP03150,Admin,40,85965,9,32,52.4,No
EMP03151,Marketing,51,128039,1,30,44.8,No
EMP03152,Customer Support,59,107607,13,34,58.8,No
EMP03153,Admin,45,93661,7,34,51.0,No
EMP03154,Operations,60,121169,1,33,45.6,No
EMP03155,HR,54,107424,20,47,85.2,Yes
EMP03156,Finance,59,127580,24,50,99.2,Yes
EMP03157,IT,47,132819,21,63,100.0,Yes
EMP03158,Customer Support,49,95448,21,39,84.2,Yes
EMP03159,Sales,35,103228,9,31,60.8,No
EMP03160,Sales,49,105706,13,40,73.4,No
EMP03161,Customer Support,29,74060,25,56,100.0,Yes
EMP03162,Operations,29,84816,1,65,67.8,No
EMP03163,Customer Support,51,114727,2,40,58.6,No
EMP03164,Sales,25,92169,1,55,63.8,No
EMP03165,Finance,37,106040,7,42,63.8,No
EMP03166,Finance,35,108726,5,50,56.0,No
EMP03167,Operations,33,101908,13,36,74.0,No
EMP03168,Engineering,26,116582,1,43,42.6,No
EMP03169,IT,26,104890,1,54,53.2,No
EMP03170,Marketing,48,111937,17,50,86.6,Yes
EMP03171,Admin,52,111720,19,52,80.4,Yes
EMP03172,Marketing,33,107464,15,34,68.4,No
EMP03173,Sales,40,98527,19,33,84.0,Yes
EMP03174,HR,41,98834,5,55,70.0,No
EMP03175,Finance,23,91931,14,47,66.4,No
EMP03176,Engineering,36,126529,7,46,64.2,No
EMP03177,Admin,51,113378,4,39,57.6,No
EMP03178,IT,53,134059,6,34,48.2,No
EMP03179,Engineering,26,117176,19,64,87.6,Yes
EMP03180,Sales,33,90223,17,56,94.2,Yes
EMP03181,Operations,55,132873,24,61,100.0,Yes
EMP03182,Customer Support,35,84963,8,64,67.8,No
EMP03183,IT,53,146983,18,50,74.4,No
EMP03184,Marketing,42,101150,19,58,96.0,Yes
EMP03185,Admin,58,119798,24,57,92.4,Yes
EMP03186,Engineering,50,153194,23,33,88.2,Yes
EMP03187,Customer Support,36,78706,17,39,77.0,Yes
EMP03188,Customer Support,21,62964,18,39,72.8,No
EMP03189,Marketing,32,99144,21,52,86.0,Yes
EMP03190,Customer Support,26,66686,22,53,93.4,Yes
EMP03191,Engineering,55,159268,4,46,64.8,No
EMP03192,Finance,30,93383,17,41,85.2,Yes
EMP03193,Operations,29,96765,19,55,98.2,Yes
EMP03194,Admin,23,73398,19,64,91.6,Yes
EMP03195,Admin,48,95129,10,64,73.4,No
EMP03196,HR,29,94630,11,32,58.0,No
EMP03197,Customer Support,55,117625,24,46,91.8,Yes
EMP03198,Sales,29,99779,20,51,94.6,Yes
EMP03199,Finance,56,131491,21,35,81.8,Yes
EMP03200,Admin,49,96973,17,59,98.0,Yes
EMP03201,Finance,49,121509,12,41,75.2,Yes
EMP03202,Engineering,46,141622,13,60,88.4,Yes
EMP03203,HR,32,87407,20,58,94.8,Yes
EMP03204,Finance,25,101216,24,59,100.0,Yes
EMP03205,Engineering,55,150912,13,64,92.8,Yes
EMP03206,Customer Support,57,108443,17,61,83.2,Yes
EMP03207,Admin,41,102384,19,42,72.4,No
EMP03208,Operations,55,113021,22,63,100.0,Yes
EMP03209,Marketing,32,97225,12,33,53.4,No
EMP03210,Customer Support,44,102763,13,51,84.0,Yes
EMP03211,HR,23,73102,22,37,81.8,Yes
EMP03212,IT,55,148272,25,51,95.6,Yes
EMP03213,IT,37,129495,17,55,93.6,Yes
EMP03214,Marketing,46,114839,5,52,57.2,No
EMP03215,IT,36,132076,22,64,98.0,Yes
EMP03216,Marketing,46,123962,7,64,66.0,No
EMP03217,Customer Support,42,88008,6,46,60.4,No
EMP03218,Admin,32,91236,25,51,92.6,Yes
EMP03219,Customer Support,42,98626,6,40,64.8,No
EMP03220,Marketing,35,111920,11,63,80.6,Yes
EMP03221,Marketing,27,100747,17,36,76.2,Yes
EMP03222,Operations,44,116804,1,61,58.4,No
EMP03223,Admin,45,110984,11,31,60.4,No
EMP03224,Sales,52,107649,9,44,60.6,No
EMP03225,Finance,40,121905,22,62,90.8,Yes
EMP03226,Engineering,28,119000,20,60,85.0,Yes
EMP03227,Admin,33,95670,23,51,91.0,Yes
EMP03228,HR,38,92487,3,53,61.2,No
EMP03229,Finance,40,117866,11,48,63.6,No
EMP03230,Operations,41,103297,7,36,51.2,No
EMP03231,Marketing,44,119987,14,60,76.2,Yes
EMP03232,Customer Support,36,79700,15,50,69.0,No
EMP03233,Sales,60,126289,5,36,44.6,No
EMP03234,Operations,23,87147,6,59,77.2,No
EMP03235,Finance,54,135295,23,63,100.0,Yes
EMP03236,IT,24,99020,25,60,100.0,Yes
EMP03237,IT,44,140061,8,62,80.6,Yes
EMP03238,Customer Support,43,97442,6,38,62.6,No
EMP03239,Customer Support,48,111722,2,50,61.6,No
EMP03240,Engineering,47,145559,18,58,88.2,Yes
EMP03241,IT,31,123918,16,51,81.4,Yes
EMP03242,Admin,38,101878,21,51,93.4,Yes
EMP03243,Operations,44,105625,23,48,98.2,Yes
EMP03244,Sales,29,82519,20,37,83.2,Yes
EMP03245,HR,42,91691,5,30,40.0,No
EMP03246,Sales,30,100212,12,44,80.0,Yes
EMP03247,Finance,35,100792,8,38,59.2,No
EMP03248,Finance,41,114816,7,30,52.6,No
EMP03249,HR,51,115148,17,43,85.4,Yes
EMP03250,Finance,32,102718,10,49,75.4,Yes
EMP03251,Customer Support,54,104520,13,61,87.0,Yes
EMP03252,Customer Support,35,86590,15,58,93.8,Yes
EMP03253,IT,47,130651,24,30,84.2,Yes
EMP03254,IT,53,140453,12,48,64.4,No
EMP03255,Marketing,54,118268,6,64,65.2,No
EMP03256,Finance,33,114476,5,42,50.2,No
EMP03257,Sales,21,72132,20,35,81.0,Yes
EMP03258,Finance,21,93810,17,45,77.6,Yes
EMP03259,IT,52,147577,7,65,74.6,No
EMP03260,Admin,22,76639,6,60,74.8,No
EMP03261,Engineering,26,122671,6,41,62.4,No
EMP03262,Operations,50,125416,9,53,80.0,Yes
EMP03263,Engineering,38,130671,5,54,71.4,No
EMP03264,Operations,23,91342,5,35,56.0,No
EMP03265,Admin,45,103861,8,36,49.0,No
EMP03266,IT,56,141162,23,58,100.0,Yes
EMP03267,IT,51,138247,3,59,58.8,No
EMP03268,Marketing,49,109759,19,41,80.8,Yes
EMP03269,IT,32,121898,5,43,51.8,No
EMP03270,Customer Support,27,77335,11,34,59.2,No
EMP03271,Admin,56,109657,5,45,58.0,No
EMP03272,Marketing,44,109458,19,64,94.6,Yes
EMP03273,Sales,56,116202,9,56,76.8,Yes
EMP03274,Engineering,50,152880,8,40,59.4,No
EMP03275,HR,36,91753,19,51,84.8,Yes
EMP03276,Engineering,57,154313,20,37,84.2,Yes
EMP03277,Engineering,59,169511,1,41,43.4,No
EMP03278,Finance,49,124649,6,33,49.6,No
EMP03279,Engineering,59,167108,25,63,97.8,Yes
EMP03280,Engineering,34,125331,23,50,100.0,Yes
EMP03281,Admin,56,109090,8,38,49.2,No
EMP03282,IT,27,104178,12,55,83.6,Yes
EMP03283,IT,33,118293,2,32,51.8,No
EMP03284,Engineering,52,158977,17,62,97.8,Yes
EMP03285,Operations,49,117996,22,43,93.4,Yes
EMP03286,IT,43,134521,8,64,65.8,No
EMP03287,Marketing,23,87499,1,47,49.0,No
EMP03288,Finance,45,112587,19,50,90.2,Yes
EMP03289,Operations,25,95694,6,43,50.6,No
EMP03290,IT,22,115630,21,40,84.8,Yes
EMP03291,Finance,22,97062,10,42,63.2,No
EMP03292,Marketing,53,113760,2,42,58.8,No
EMP03293,Engineering,47,155847,3,43,58.2,No
EMP03294,Finance,26,87786,5,55,74.0,No
EMP03295,IT,30,111157,4,43,48.0,No
EMP03296,Customer Support,50,96753,15,38,64.8,No
EMP03297,Finance,59,138336,4,37,53.4,No
EMP03298,IT,27,106363,6,32,61.0,No
EMP03299,Engineering,23,124939,5,51,65.6,No
EMP03300,Marketing,36,94413,20,43,82.8,Yes
EMP03301,Marketing,57,129453,14,54,75.6,Yes
EMP03302,HR,55,120920,22,41,96.2,Yes
EMP03303,Admin,40,94242,4,39,47.6,No
EMP03304,Finance,27,105697,10,31,60.6,No
EMP03305,IT,54,153688,11,30,59.8,No
EMP03306,IT,29,117106,20,48,80.8,Yes
EMP03307,Marketing,22,87867,23,53,97.2,Yes
EMP03308,HR,25,74200,7,52,73.8,No
EMP03309,HR,52,109899,25,36,92.6,Yes
EMP03310,IT,28,117489,9,42,64.4,No
EMP03311,Operations,56,126893,18,53,85.2,Yes
EMP03312,Marketing,29,87255,1,46,45.4,No
EMP03313,IT,22,110243,16,33,63.6,No
EMP03314,IT,44,141069,16,44,82.2,Yes
EMP03315,HR,38,100119,6,33,44.6,No
EMP03316,Customer Support,48,106111,19,31,71.8,No
EMP03317,IT,29,108307,10,63,77.8,Yes
EMP03318,Sales,41,101469,6,30,49.8,No
EMP03319,Marketing,23,78152,2,37,56.8,No
EMP03320,Customer Support,44,99877,16,58,88.6,Yes
EMP03321,Finance,40,122337,12,58,79.4,Yes
EMP03322,Sales,44,105864,14,41,69.8,No
EMP03323,Finance,51,131330,5,46,61.6,No
EMP03324,Finance,21,82146,2,65,57.6,No
EMP03325,Finance,53,119473,2,43,54.4,No
EMP03326,Marketing,56,130262,4,58,62.0,No
EMP03327,Engineering,26,128117,6,57,58.0,No
EMP03328,HR,55,118001,17,36,78.2,Yes
EMP03329,IT,27,105944,19,31,74.8,No
EMP03330,Engineering,24,125458,3,42,43.6,No
EMP03331,Engineering,47,138165,4,45,60.2,No
EMP03332,Operations,35,98428,3,33,48.2,No
EMP03333,Sales,54,116337,16,49,82.2,Yes
EMP03334,Finance,32,94212,23,42,78.6,Yes
EMP03335,Customer Support,57,120822,6,52,70.0,No
EMP03336,Engineering,43,151134,14,57,79.4,Yes
EMP03337,HR,52,120791,7,37,46.8,No
EMP03338,Marketing,42,120288,22,42,88.8,Yes
EMP03339,Engineering,31,130098,9,57,75.4,Yes
EMP03340,Finance,30,108190,12,34,61.0,No
EMP03341,Engineering,29,116686,1,32,41.0,No
EMP03342,Customer Support,46,100377,14,36,68.8,No
EMP03343,HR,58,113416,25,34,78.4,Yes
EMP03344,Engineering,49,142873,22,59,95.0,Yes
EMP03345,HR,23,86787,24,46,89.8,Yes
EMP03346,Admin,55,121814,3,47,45.6,No
EMP03347,Marketing,41,109576,22,34,77.0,Yes
EMP03348,Sales,23,73841,20,62,100.0,Yes
EMP03349,Engineering,40,144148,13,63,93.2,Yes
EMP03350,Finance,35,116343,7,59,74.0,No
EMP03351,Customer Support,28,78188,13,65,77.4,Yes
EMP03352,Customer Support,47,98487,4,39,57.6,No
EMP03353,HR,39,105511,16,60,84.8,Yes
EMP03354,Marketing,36,107516,6,50,57.8,No
EMP03355,Admin,34,96899,22,48,98.4,Yes
EMP03356,Engineering,28,122254,1,34,39.2,No
EMP03357,IT,48,142911,1,43,40.6,No
EMP03358,Engineering,53,147063,18,40,70.4,No
EMP03359,HR,47,104903,6,31,44.4,No
EMP03360,Finance,55,139728,8,53,74.2,No
EMP03361,Admin,59,112603,25,58,94.8,Yes
EMP03362,Engineering,26,127703,1,64,72.2,No
EMP03363,Sales,58,115600,22,62,90.8,Yes
EMP03364,Customer Support,55,118534,9,49,61.6,No
EMP03365,Finance,31,109303,15,52,86.2,Yes
EMP03366,Engineering,35,136341,17,53,74.4,No
EMP03367,IT,55,144503,2,31,51.2,No
EMP03368,Customer Support,23,78108,16,50,72.8,No
EMP03369,Marketing,32,98215,13,35,75.4,Yes
EMP03370,Finance,46,115371,25,35,94.0,Yes
EMP03371,Sales,52,125739,6,57,73.0,No
EMP03372,Engineering,30,134959,24,55,100.0,Yes
EMP03373,Sales,24,81314,2,52,49.8,No
EMP03374,Finance,37,103086,19,57,91.4,Yes
EMP03375,HR,48,105730,16,65,84.8,Yes
EMP03376,Sales,52,125690,22,65,97.6,Yes
EMP03377,Customer Support,42,100481,12,36,73.2,No
EMP03378,IT,46,145016,10,32,62.2,No
EMP03379,Customer Support,39,89947,13,64,81.8,Yes
EMP03380,Customer Support,60,121845,1,47,58.0,No
EMP03381,IT,40,118380,3,58,56.2,No
EMP03382,Operations,56,118864,4,54,56.6,No
EMP03383,Marketing,43,110618,21,56,100.0,Yes
EMP03384,IT,55,154804,1,62,58.0,No
EMP03385,Admin,38,99043,13,64,80.8,Yes
EMP03386,HR,60,120471,14,38,72.0,No
EMP03387,IT,51,145787,25,63,100.0,Yes
EMP03388,Finance,57,125477,14,31,57.8,No
EMP03389,Finance,40,122218,7,37,53.8,No
EMP03390,IT,43,125137,7,56,65.2,No
EMP03391,Engineering,34,120813,24,56,98.8,Yes
EMP03392,Marketing,32,98925,2,46,60.2,No
EMP03393,Finance,53,119318,13,51,71.0,No
EMP03394,Sales,44,114039,25,49,90.4,Yes
EMP03395,Finance,37,113454,20,36,79.6,Yes
EMP03396,Marketing,23,86565,23,48,82.2,Yes
EMP03397,Customer Support,57,118802,13,34,70.8,No
EMP03398,Admin,25,86482,5,46,65.6,No
EMP03399,Admin,57,123314,21,32,86.0,Yes
EMP03400,Customer Support,21,64966,15,65,81.0,Yes
EMP03401,Finance,38,114156,15,47,83.2,Yes
EMP03402,Marketing,27,95327,11,41,76.4,Yes
EMP03403,Sales,45,116642,18,57,97.6,Yes
EMP03404,Customer Support,36,92629,23,65,100.0,Yes
EMP03405,Customer Support,53,101558,19,49,85.6,Yes
EMP03406,Sales,42,99025,11,33,54.6,No
EMP03407,IT,60,143919,24,41,94.8,Yes
EMP03408,Marketing,44,104257,23,54,96.8,Yes
EMP03409,Finance,28,102443,16,35,62.8,No
EMP03410,Admin,35,91939,25,65,100.0,Yes
EMP03411,Operations,47,107521,8,56,63.0,No
EMP03412,Sales,53,128244,11,53,64.6,No
EMP03413,Engineering,45,134811,1,33,52.6,No
EMP03414,Sales,57,130778,5,49,68.4,No
EMP03415,IT,37,126731,2,48,56.4,No
EMP03416,Admin,38,96734,20,57,97.2,Yes
EMP03417,HR,47,104989,11,57,71.0,No
EMP03418,Sales,21,82133,11,57,81.0,Yes
EMP03419,Operations,49,124517,18,31,77.0,Yes
EMP03420,Operations,40,111594,8,42,70.6,No
EMP03421,Customer Support,22,73508,5,45,56.0,No
EMP03422,Customer Support,46,103921,5,41,55.6,No
EMP03423,HR,39,97744,4,55,71.2,No
EMP03424,Operations,59,118100,8,33,59.2,No
EMP03425,IT,31,112185,4,41,52.8,No
EMP03426,Engineering,32,133930,14,60,82.2,Yes
EMP03427,IT,46,127406,25,50,99.0,Yes
EMP03428,Finance,22,90605,3,41,45.0,No
EMP03429,Operations,26,95678,17,46,86.2,Yes
EMP03430,HR,45,94491,1,64,55.2,No
EMP03431,Admin,51,114404,13,60,88.4,Yes
EMP03432,Marketing,29,103734,3,41,61.0,No
EMP03433,Engineering,43,146218,1,47,46.0,No
EMP03434,Sales,47,103894,6,57,61.0,No
EMP03435,IT,28,120926,2,43,49.4,No
EMP03436,Engineering,35,136092,11,44,69.2,No
EMP03437,Customer Support,58,106175,25,64,100.0,Yes
EMP03438,Operations,56,126274,21,40,81.8,Yes
EMP03439,IT,53,137643,10,38,69.8,No
EMP03440,Admin,35,90862,11,46,67.4,No
EMP03441,HR,24,77138,22,57,94.8,Yes
EMP03442,Sales,44,108893,21,59,89.2,Yes
EMP03443,Finance,33,100942,4,38,46.0,No
EMP03444,Sales,49,119897,25,64,100.0,Yes
EMP03445,Engineering,26,117959,15,55,79.0,Yes
EMP03446,IT,39,117806,16,40,70.8,No
EMP03447,Admin,56,106584,13,40,74.4,No
EMP03448,HR,43,93591,21,64,90.2,Yes
EMP03449,Customer Support,59,114153,8,32,55.6,No
EMP03450,HR,33,90249,13,44,78.8,Yes
EMP03451,IT,53,144446,9,44,61.6,No
EMP03452,HR,40,104865,2,36,39.2,No
EMP03453,Engineering,46,144591,16,62,94.0,Yes
EMP03454,Customer Support,25,74137,12,41,66.2,No
EMP03455,Operations,37,105408,9,46,56.8,No
EMP03456,Marketing,55,118161,18,53,91.2,Yes
EMP03457,Marketing,59,124311,15,65,78.0,Yes
EMP03458,Marketing,41,104019,21,37,89.0,Yes
EMP03459,Admin,50,114657,17,46,82.2,Yes
EMP03460,Customer Support,60,123858,19,63,88.0,Yes
EMP03461,HR,59,126569,10,50,78.0,Yes
EMP03462,Engineering,29,129526,4,47,51.4,No
EMP03463,Customer Support,37,82334,8,32,64.6,No
EMP03464,Customer Support,55,106735,23,46,89.0,Yes
EMP03465,Marketing,29,104211,18,44,84.8,Yes
EMP03466,Admin,31,92812,8,45,56.4,No
EMP03467,Finance,30,107382,21,65,88.8,Yes
EMP03468,IT,46,130849,19,43,88.0,Yes
EMP03469,HR,53,110549,23,65,97.4,Yes
EMP03470,Finance,30,91488,2,37,42.8,No
EMP03471,IT,35,114065,1,31,48.4,No
EMP03472,Engineering,45,137755,14,54,70.6,No
EMP03473,Admin,22,79156,21,65,100.0,Yes
EMP03474,HR,28,83282,18,35,71.4,No
EMP03475,Customer Support,44,89822,3,48,53.2,No
EMP03476,Sales,56,114986,11,45,76.8,Yes
EMP03477,HR,53,117399,16,47,86.0,Yes
EMP03478,Marketing,29,98191,11,49,79.2,Yes
EMP03479,Finance,41,110706,2,30,33.6,No
EMP03480,Customer Support,50,107126,6,30,48.8,No
EMP03481,Customer Support,42,96259,15,34,59.4,No
EMP03482,Customer Support,23,76430,14,54,77.6,Yes
EMP03483,Finance,26,98355,1,55,55.8,No
EMP03484,Finance,26,95446,23,44,79.8,Yes
EMP03485,Admin,49,108868,11,36,72.4,No
EMP03486,Sales,58,115974,25,60,100.0,Yes
EMP03487,HR,60,118378,12,65,85.6,Yes
EMP03488,Admin,47,111552,7,48,57.4,No
EMP03489,Admin,45,96220,24,55,100.0,Yes
EMP03490,Engineering,59,158470,1,63,68.6,No
EMP03491,Admin,48,113138,18,63,85.2,Yes
EMP03492,Admin,51,100580,22,61,99.2,Yes
EMP03493,Operations,22,79318,19,57,91.4,Yes
EMP03494,Finance,50,127355,19,59,81.6,Yes
EMP03495,Marketing,59,123650,5,31,43.6,No
EMP03496,Operations,48,123517,15,63,93.8,Yes
EMP03497,Customer Support,32,75977,1,49,60.2,No
EMP03498,Operations,21,87305,5,34,52.4,No
EMP03499,Admin,42,102491,11,37,69.0,No
EMP03500,Sales,50,109520,23,35,89.4,Yes
EMP03501,Customer Support,39,84245,20,41,75.6,Yes
EMP03502,Admin,55,106011,5,47,68.2,No
EMP03503,Customer Support,58,113325,5,57,60.2,No
EMP03504,IT,31,118153,20,60,100.0,Yes
EMP03505,Finance,58,133261,15,33,69.8,No
EMP03506,IT,38,126957,4,65,67.2,No
EMP03507,Engineering,44,147057,2,50,61.6,No
EMP03508,HR,29,78939,19,39,80.6,Yes
EMP03509,HR,52,104031,23,31,74.0,No
EMP03510,Marketing,46,118635,23,51,92.0,Yes
EMP03511,Engineering,24,113256,6,43,56.6,No
EMP03512,IT,51,149549,17,40,85.6,Yes
EMP03513,Sales,41,97115,1,33,48.6,No
EMP03514,Admin,54,110379,6,40,60.8,No
EMP03515,Finance,36,100575,5,56,66.6,No
EMP03516,Operations,55,115159,1,60,50.8,No
EMP03517,Admin,43,91597,21,33,72.6,No
EMP03518,Operations,57,130598,1,41,41.4,No
EMP03519,Operations,26,80849,6,57,58.0,No
EMP03520,Marketing,44,121461,15,33,62.8,No
EMP03521,HR,33,81922,2,59,64.0,No
EMP03522,Operations,58,116750,22,30,84.6,Yes
EMP03523,Finance,37,117808,17,49,82.0,Yes
EMP03524,Marketing,39,115395,21,39,89.2,Yes
EMP03525,Customer Support,50,113778,19,65,91.2,Yes
EMP03526,Operations,47,112543,5,46,63.6,No
EMP03527,Customer Support,28,85464,24,35,80.2,Yes
EMP03528,Marketing,51,113908,10,64,74.4,No
EMP03529,HR,25,71487,9,51,62.8,No
EMP03530,Admin,43,95867,22,55,89.6,Yes
EMP03531,Engineering,25,121794,10,43,69.8,No
EMP03532,Admin,37,92455,25,45,88.0,Yes
EMP03533,Admin,47,102345,2,55,65.6,No
EMP03534,HR,48,112273,24,57,95.4,Yes
EMP03535,Admin,58,116416,8,46,71.0,No
EMP03536,Marketing,53,119395,18,49,83.8,Yes
EMP03537,Customer Support,35,90300,21,49,83.2,Yes
EMP03538,HR,55,107739,11,51,76.4,Yes
EMP03539,Sales,49,116693,23,33,84.2,Yes
EMP03540,Operations,49,117734,12,35,66.6,No
EMP03541,Marketing,31,87518,19,41,89.8,Yes
EMP03542,Admin,23,68110,11,50,62.8,No
EMP03543,Sales,52,127063,24,31,76.8,Yes
EMP03544,Finance,35,112161,3,36,55.0,No
EMP03545,Finance,45,113663,20,31,76.6,Yes
EMP03546,Engineering,39,128568,22,54,89.0,Yes
EMP03547,HR,31,84861,13,53,77.2,Yes
EMP03548,Finance,38,100621,22,41,78.2,Yes
EMP03549,IT,29,123343,15,50,80.0,Yes
EMP03550,HR,24,70463,6,56,58.4,No
EMP03551,Finance,41,110199,11,43,68.6,No
EMP03552,Sales,58,115648,15,51,83.6,Yes
EMP03553,HR,39,101314,16,36,68.4,No
EMP03554,Engineering,29,116422,20,65,98.0,Yes
EMP03555,Operations,58,124156,21,31,70.4,No
EMP03556,HR,24,75885,13,48,73.2,No
EMP03557,Marketing,21,75298,23,37,83.6,Yes
EMP03558,IT,43,135638,2,43,42.4,No
EMP03559,Sales,53,126385,3,34,46.8,No
EMP03560,Finance,60,132710,8,51,74.0,No
EMP03561,Operations,43,110848,25,45,100.0,Yes
EMP03562,IT,42,133111,2,53,49.4,No
EMP03563,HR,23,86257,14,61,91.8,Yes
EMP03564,HR,21,83140,13,57,70.6,No
EMP03565,Admin,25,82646,13,58,78.2,Yes
EMP03566,Marketing,23,86350,16,62,82.0,Yes
EMP03567,Marketing,34,100851,19,48,93.0,Yes
EMP03568,Marketing,44,115665,1,30,46.8,No
EMP03569,Customer Support,50,105950,25,40,91.0,Yes
EMP03570,Marketing,21,75562,6,52,56.0,No
EMP03571,Marketing,52,120759,13,50,69.4,No
EMP03572,IT,46,140252,10,36,68.6,No
EMP03573,IT,37,120520,19,33,84.0,Yes
EMP03574,Marketing,30,96847,8,49,58.8,No
EMP03575,HR,25,88720,24,32,75.4,Yes
EMP03576,HR,47,96584,12,45,80.6,Yes
EMP03577,Admin,55,111299,14,62,81.4,Yes
EMP03578,IT,21,107783,4,35,52.2,No
EMP03579,Marketing,49,118027,5,30,49.0,No
EMP03580,Operations,50,124794,25,65,100.0,Yes
EMP03581,IT,41,138645,3,40,59.4,No
EMP03582,Sales,48,104121,6,55,62.8,No
EMP03583,Customer Support,36,78477,22,41,80.2,Yes
EMP03584,Operations,50,113112,12,63,73.4,No
EMP03585,Engineering,37,143924,15,31,61.6,No
EMP03586,Engineering,21,116480,4,35,45.2,No
EMP03587,Admin,35,85194,1,41,51.4,No
EMP03588,Finance,31,94412,21,40,84.8,Yes
EMP03589,Finance,54,119940,17,61,90.2,Yes
EMP03590,Finance,57,127072,14,36,74.8,No
EMP03591,Marketing,48,118489,18,53,93.2,Yes
EMP03592,Finance,56,140844,24,50,99.2,Yes
EMP03593,IT,51,143708,23,36,92.0,Yes
EMP03594,HR,54,115930,23,33,80.2,Yes
EMP03595,Admin,51,100400,25,43,99.8,Yes
EMP03596,IT,45,129648,17,60,94.6,Yes
EMP03597,Operations,38,95744,10,33,65.8,No
EMP03598,IT,29,110125,24,60,91.2,Yes
EMP03599,IT,24,108451,18,43,87.2,Yes
EMP03600,Marketing,29,86738,5,39,52.4,No
EMP03601,Sales,26,85334,9,61,84.8,Yes
EMP03602,IT,34,114394,24,63,95.0,Yes
EMP03603,Operations,47,103734,19,42,75.4,Yes
EMP03604,IT,21,96861,2,43,49.4,No
EMP03605,Marketing,30,100382,5,38,58.8,No
EMP03606,IT,43,129585,23,36,86.0,Yes
EMP03607,HR,33,96093,25,38,81.8,Yes
EMP03608,Operations,47,111705,2,56,61.2,No
EMP03609,HR,33,90886,22,33,90.4,Yes
EMP03610,Engineering,35,133660,15,59,86.4,Yes
EMP03611,Finance,58,131948,20,64,90.4,Yes
EMP03612,HR,25,89602,21,40,75.8,Yes
EMP03613,Finance,47,123790,16,49,89.2,Yes
EMP03614,IT,23,104748,19,63,87.0,Yes
EMP03615,Sales,22,80440,8,64,66.8,No
EMP03616,Customer Support,60,111942,13,40,77.4,Yes
EMP03617,Marketing,26,97153,4,56,52.8,No
EMP03618,HR,53,121857,12,55,77.6,Yes
EMP03619,Customer Support,47,103955,15,32,65.2,No
EMP03620,IT,46,138101,3,62,65.6,No
EMP03621,HR,44,101147,10,48,67.8,No
EMP03622,Engineering,23,114033,14,55,79.2,Yes
EMP03623,Marketing,59,139397,23,44,92.8,Yes
EMP03624,HR,43,97081,10,54,76.4,Yes
EMP03625,IT,33,114013,6,54,68.2,No
EMP03626,Finance,28,96979,10,39,59.4,No
EMP03627,IT,47,144579,24,51,95.8,Yes
EMP03628,IT,38,132417,4,62,76.4,No
EMP03629,Admin,23,84068,24,61,100.0,Yes
EMP03630,Customer Support,27,77595,5,45,50.0,No
EMP03631,Customer Support,59,112386,9,44,71.6,No
EMP03632,Marketing,42,115503,5,48,54.8,No
EMP03633,HR,44,100528,12,64,79.0,Yes
EMP03634,Sales,36,96093,7,32,45.8,No
EMP03635,Operations,26,94567,22,63,100.0,Yes
EMP03636,Operations,22,85517,24,47,97.4,Yes
EMP03637,Sales,45,113861,16,51,83.4,Yes
EMP03638,Sales,58,121132,24,51,96.8,Yes
EMP03639,Customer Support,36,87075,12,60,81.6,Yes
EMP03640,Admin,45,105119,13,34,61.8,No
EMP03641,IT,38,126847,3,41,51.0,No
EMP03642,HR,44,111565,18,30,72.4,No
EMP03643,Sales,60,128196,17,35,68.6,No
EMP03644,IT,46,144065,11,53,75.6,Yes
EMP03645,Sales,46,103897,15,41,70.6,No
EMP03646,Engineering,21,113051,9,38,62.0,No
EMP03647,Finance,58,137209,9,41,55.8,No
EMP03648,HR,39,104640,22,46,97.2,Yes
EMP03649,Marketing,33,93412,6,56,65.4,No
EMP03650,Sales,41,109037,7,33,62.4,No
EMP03651,Marketing,47,113805,22,59,90.0,Yes
EMP03652,HR,22,82642,18,37,82.6,Yes
EMP03653,IT,43,124201,5,37,54.2,No
EMP03654,Engineering,56,156402,3,65,66.4,No
EMP03655,Marketing,31,92974,12,47,74.8,No
EMP03656,Engineering,53,159920,9,47,57.4,No
EMP03657,Engineering,28,114429,7,40,64.6,No
EMP03658,Operations,47,110692,24,39,92.6,Yes
EMP03659,Engineering,50,153117,5,57,65.2,No
EMP03660,Marketing,47,106511,7,59,63.0,No
EMP03661,HR,38,97301,21,32,73.0,No
EMP03662,Admin,49,107841,3,31,46.0,No
EMP03663,HR,54,109780,2,31,49.2,No
EMP03664,IT,32,114504,3,49,56.8,No
EMP03665,Marketing,50,110867,4,57,72.4,No
EMP03666,Marketing,40,105130,19,37,80.4,Yes
EMP03667,Finance,54,120949,16,40,70.8,No
EMP03668,Marketing,28,95103,13,52,70.6,No
EMP03669,Customer Support,54,119491,6,31,61.4,No
EMP03670,Engineering,32,122588,8,52,68.6,No
EMP03671,Operations,60,126688,22,43,81.4,Yes
EMP03672,IT,31,114633,21,58,100.0,Yes
EMP03673,Admin,33,76646,20,41,81.6,Yes
EMP03674,Engineering,44,144401,23,44,86.8,Yes
EMP03675,Marketing,29,87654,14,57,87.4,Yes
EMP03676,HR,43,94602,16,55,74.8,No
EMP03677,Engineering,56,153341,2,62,64.8,No
EMP03678,Engineering,59,155990,4,62,62.4,No
EMP03679,HR,45,110101,4,30,40.2,No
EMP03680,Customer Support,30,89141,4,52,57.4,No
EMP03681,Admin,56,107137,21,41,89.4,Yes
EMP03682,Sales,48,115790,18,46,87.0,Yes
EMP03683,Operations,33,90893,15,46,70.6,No
EMP03684,Marketing,34,95441,23,39,81.8,Yes
EMP03685,HR,53,123504,21,36,80.4,Yes
EMP03686,IT,37,132949,12,65,76.6,Yes
EMP03687,IT,32,121671,24,52,87.4,Yes
EMP03688,IT,45,130916,20,51,89.6,Yes
EMP03689,Customer Support,24,71816,8,60,64.4,No
EMP03690,Admin,28,83602,2,47,58.8,No
EMP03691,Finance,38,116511,8,30,54.4,No
EMP03692,Admin,35,97405,10,37,62.2,No
EMP03693,HR,30,83200,22,34,84.0,Yes
EMP03694,Customer Support,32,90069,22,33,80.4,Yes
EMP03695,Marketing,46,117172,19,60,94.2,Yes
EMP03696,Operations,25,92602,24,47,84.4,Yes
EMP03697,Operations,44,105510,9,34,68.6,No
EMP03698,Operations,25,85770,3,57,53.6,No
EMP03699,Operations,25,85900,11,57,66.0,No
EMP03700,Finance,57,142812,19,54,84.6,Yes
EMP03701,Operations,58,132874,15,65,89.0,Yes
EMP03702,HR,32,82892,16,30,58.8,No
EMP03703,IT,37,114888,14,40,63.2,No
EMP03704,Engineering,60,154942,4,38,46.0,No
EMP03705,Finance,40,117090,7,45,70.6,No
EMP03706,Engineering,46,148503,18,59,80.8,Yes
EMP03707,Admin,57,107831,16,43,71.6,No
EMP03708,Engineering,48,140218,16,44,86.2,Yes
EMP03709,IT,32,109327,15,54,85.4,Yes
EMP03710,Admin,42,105248,18,60,93.4,Yes
EMP03711,Marketing,43,120332,21,43,84.6,Yes
EMP03712,Finance,33,107124,20,35,79.0,Yes
EMP03713,Marketing,40,116947,1,62,71.0,No
EMP03714,IT,42,125142,8,37,49.6,No
EMP03715,Finance,31,103733,19,34,66.6,No
EMP03716,Engineering,43,140866,13,47,81.6,Yes
EMP03717,Sales,50,106636,16,30,58.8,No
EMP03718,Customer Support,29,82764,18,59,88.8,Yes
EMP03719,Admin,40,101266,22,57,97.8,Yes
EMP03720,Engineering,40,138142,19,58,83.0,Yes
EMP03721,Marketing,47,120379,13,52,67.6,No
EMP03722,Operations,37,104726,2,31,41.2,No
EMP03723,Operations,43,114009,23,44,85.8,Yes
EMP03724,Customer Support,23,68710,9,57,76.4,Yes
EMP03725,Finance,49,118300,4,52,68.4,No
EMP03726,Marketing,45,105623,11,43,68.6,No
EMP03727,Engineering,58,155473,24,30,84.2,Yes
EMP03728,Finance,43,111878,6,63,74.6,No
EMP03729,Marketing,47,114092,14,49,68.6,No
EMP03730,Sales,41,112875,17,65,91.6,Yes
EMP03731,Customer Support,60,120564,12,48,75.4,Yes
EMP03732,Sales,36,97773,11,46,66.4,No
EMP03733,Sales,40,96975,3,49,58.8,No
EMP03734,Marketing,57,126869,25,45,92.0,Yes
EMP03735,Engineering,58,168438,10,44,64.4,No
EMP03736,Sales,47,119794,1,63,56.6,No
EMP03737,Marketing,30,102400,2,51,59.2,No
EMP03738,Engineering,29,133661,24,43,98.0,Yes
EMP03739,Sales,54,114967,4,45,49.2,No
EMP03740,Engineering,21,110879,5,33,43.8,No
EMP03741,HR,51,111074,16,50,86.8,Yes
EMP03742,Marketing,43,113741,10,56,73.6,No
EMP03743,IT,51,132421,25,38,86.8,Yes
EMP03744,HR,21,83769,10,47,71.2,No
EMP03745,Customer Support,40,90321,3,39,58.8,No
EMP03746,HR,24,72294,5,52,56.2,No
EMP03747,Marketing,28,94522,24,59,100.0,Yes
EMP03748,Admin,43,94836,23,55,96.4,Yes
EMP03749,Operations,58,116675,21,60,100.0,Yes
EMP03750,Finance,48,114853,19,43,80.0,Yes
EMP03751,Admin,44,98299,10,42,65.2,No
EMP03752,Customer Support,46,92574,8,35,54.4,No
EMP03753,Admin,55,109707,12,33,62.4,No
EMP03754,Marketing,32,92847,14,40,62.2,No
EMP03755,Marketing,36,102792,10,59,70.4,No
EMP03756,Customer Support,37,80013,7,36,55.2,No
EMP03757,Engineering,35,138529,23,56,99.0,Yes
EMP03758,HR,55,116282,2,65,58.6,No
EMP03759,Sales,57,118413,13,33,75.2,Yes
EMP03760,Engineering,26,113310,15,48,81.8,Yes
EMP03761,Marketing,37,101210,2,49,55.0,No
EMP03762,IT,24,110813,8,64,65.8,No
EMP03763,IT,31,121032,18,47,84.6,Yes
EMP03764,IT,42,125625,15,51,75.6,Yes
EMP03765,IT,33,117260,17,39,66.0,No
EMP03766,HR,29,87948,5,51,69.6,No
EMP03767,Marketing,27,89927,7,30,42.6,No
EMP03768,Marketing,35,107350,9,56,75.8,Yes
EMP03769,Finance,25,99951,22,57,96.8,Yes
EMP03770,Engineering,21,120875,14,39,79.6,Yes
EMP03771,Operations,60,127163,25,50,88.0,Yes
EMP03772,Sales,32,90301,21,53,82.6,Yes
EMP03773,IT,26,109664,8,65,80.4,Yes
EMP03774,Marketing,31,96075,1,43,43.6,No
EMP03775,IT,23,112622,18,48,75.2,Yes
EMP03776,HR,58,114942,3,59,57.8,No
EMP03777,Sales,29,81716,2,53,61.4,No
EMP03778,Sales,47,116557,22,64,93.0,Yes
EMP03779,Engineering,51,154763,11,46,62.4,No
EMP03780,IT,60,154658,9,33,59.0,No
EMP03781,Marketing,55,121049,18,58,94.2,Yes
EMP03782,Operations,30,88894,17,34,67.0,No
EMP03783,HR,41,101824,19,51,88.8,Yes
EMP03784,Sales,55,127617,23,46,85.0,Yes
EMP03785,Engineering,36,137990,8,42,69.6,No
EMP03786,IT,25,102770,4,38,44.0,No
EMP03787,Finance,24,100626,17,59,79.0,Yes
EMP03788,Operations,36,103829,23,65,100.0,Yes
EMP03789,Finance,24,99683,15,33,67.8,No
EMP03790,Marketing,23,89151,20,39,74.4,No
EMP03791,Sales,58,120439,23,52,100.0,Yes
EMP03792,Finance,41,109857,16,36,67.4,No
EMP03793,Engineering,30,124184,13,46,70.0,No
EMP03794,Engineering,56,147903,6,40,57.8,No
EMP03795,IT,39,129110,5,37,48.2,No
EMP03796,Operations,45,120369,22,46,99.2,Yes
EMP03797,Marketing,45,121680,7,30,48.6,No
EMP03798,Sales,33,99110,10,49,59.4,No
EMP03799,Admin,40,101664,17,61,98.2,Yes
EMP03800,Operations,58,131824,1,47,42.0,No
EMP03801,HR,31,93829,12,54,77.0,Yes
EMP03802,Operations,25,93280,7,58,67.4,No
EMP03803,IT,60,148855,13,57,74.6,No
EMP03804,Operations,59,126582,14,44,68.6,No
EMP03805,Engineering,49,144386,16,50,75.8,Yes
EMP03806,IT,43,124239,1,56,59.4,No
EMP03807,Admin,43,108411,3,39,44.8,No
EMP03808,Operations,22,78344,19,40,88.2,Yes
EMP03809,Finance,39,115251,3,50,53.4,No
EMP03810,IT,23,107948,19,50,94.2,Yes
EMP03811,Marketing,46,120380,14,45,68.2,No
EMP03812,IT,47,132294,20,48,77.8,Yes
EMP03813,Customer Support,48,101093,3,51,67.0,No
EMP03814,HR,53,114729,21,65,91.8,Yes
EMP03815,Marketing,33,96908,24,36,96.8,Yes
EMP03816,HR,55,124805,2,47,60.8,No
EMP03817,IT,35,117792,3,35,42.4,No
EMP03818,IT,27,112101,3,53,65.2,No
EMP03819,Operations,28,94868,18,39,84.8,Yes
EMP03820,Admin,47,103163,16,55,73.8,No
EMP03821,Finance,27,95989,17,50,89.6,Yes
EMP03822,HR,55,116013,13,49,68.8,No
EMP03823,HR,21,83878,13,41,76.0,Yes
EMP03824,Engineering,52,158143,21,63,94.6,Yes
EMP03825,Admin,41,99363,11,54,73.2,No
EMP03826,Sales,46,119722,25,37,92.2,Yes
EMP03827,Marketing,29,88463,10,41,73.6,No
EMP03828,Customer Support,30,73460,5,41,51.6,No
EMP03829,HR,32,79890,10,34,59.4,No
EMP03830,Sales,31,85895,18,43,79.2,Yes
EMP03831,Admin,52,102350,19,37,83.4,Yes
EMP03832,Engineering,60,171271,5,56,73.6,No
EMP03833,Sales,59,118963,19,63,100.0,Yes
EMP03834,Admin,31,77833,23,42,95.6,Yes
EMP03835,HR,22,80236,8,57,73.6,No
EMP03836,IT,22,98444,23,30,71.4,No
EMP03837,Marketing,43,119269,24,40,89.2,Yes
EMP03838,Admin,33,79757,13,42,60.6,No
EMP03839,HR,41,98052,11,41,63.4,No
EMP03840,Marketing,54,126441,18,30,79.4,Yes
EMP03841,Customer Support,31,90699,20,40,91.0,Yes
EMP03842,HR,24,86297,15,55,85.0,Yes
EMP03843,Engineering,31,125197,25,57,98.2,Yes
EMP03844,Admin,32,95369,7,62,73.8,No
EMP03845,Marketing,34,93529,16,56,90.4,Yes
EMP03846,Finance,42,118588,21,64,93.2,Yes
EMP03847,Engineering,46,149423,4,45,63.2,No
EMP03848,Finance,40,109221,1,34,38.2,No
EMP03849,IT,53,153548,7,44,55.0,No
EMP03850,Admin,27,80846,17,44,74.0,No
EMP03851,Finance,50,125661,17,60,78.6,Yes
EMP03852,Engineering,46,138312,16,54,93.2,Yes
EMP03853,Customer Support,23,81671,25,53,93.8,Yes
EMP03854,Admin,21,70929,17,36,71.2,No
EMP03855,IT,25,113426,15,58,76.8,Yes
EMP03856,Admin,50,108545,23,37,93.6,Yes
EMP03857,Admin,47,111128,21,45,85.8,Yes
EMP03858,Engineering,43,136537,6,31,53.4,No
EMP03859,Operations,45,118493,23,55,98.4,Yes
EMP03860,Operations,31,88733,19,36,77.8,Yes
EMP03861,Marketing,49,128237,10,62,85.2,Yes
EMP03862,Operations,31,103937,11,44,66.2,No
EMP03863,HR,48,107360,25,58,95.8,Yes
EMP03864,HR,58,125170,15,47,71.2,No
EMP03865,Customer Support,60,109062,14,49,80.6,Yes
EMP03866,Customer Support,57,121829,16,31,59.4,No
EMP03867,Engineering,56,155552,10,61,83.6,Yes
EMP03868,Sales,43,99066,13,47,79.6,Yes
EMP03869,Admin,33,90066,10,37,66.2,No
EMP03870,Sales,36,99451,15,63,82.8,Yes
EMP03871,Admin,46,104678,18,36,75.0,Yes
EMP03872,Admin,58,116103,1,46,51.4,No
EMP03873,IT,21,108126,22,62,88.8,Yes
EMP03874,IT,41,124574,4,32,50.4,No
EMP03875,Engineering,29,127914,2,55,57.6,No
EMP03876,HR,56,113070,1,64,60.2,No
EMP03877,Sales,55,114420,12,63,78.4,Yes
EMP03878,Admin,21,68424,18,65,84.4,Yes
EMP03879,Engineering,42,148457,10,64,75.4,Yes
EMP03880,Engineering,60,170131,9,36,60.8,No
EMP03881,Marketing,47,121049,1,39,48.2,No
EMP03882,HR,21,66704,1,43,50.6,No
EMP03883,Customer Support,45,95661,4,52,50.4,No
EMP03884,Customer Support,43,104883,10,36,59.6,No
EMP03885,Marketing,57,128040,15,64,90.4,Yes
EMP03886,HR,49,99439,17,60,98.6,Yes
EMP03887,Admin,28,84180,16,40,84.8,Yes
EMP03888,HR,23,81615,4,43,56.0,No
EMP03889,HR,28,83287,8,47,63.6,No
EMP03890,IT,37,127290,20,32,82.2,Yes
EMP03891,Operations,38,105735,14,65,87.2,Yes
EMP03892,Sales,31,86845,2,54,52.0,No
EMP03893,Operations,28,96252,12,57,71.8,No
EMP03894,Customer Support,41,90237,25,41,86.6,Yes
EMP03895,HR,28,80660,11,45,78.8,Yes
EMP03896,Engineering,39,143148,1,46,50.4,No
EMP03897,Customer Support,51,105655,10,64,78.4,Yes
EMP03898,Marketing,44,113490,20,57,87.2,Yes
EMP03899,Marketing,27,92641,18,44,70.8,No
EMP03900,Finance,52,128312,5,48,60.8,No
EMP03901,Finance,34,95908,6,33,49.6,No
EMP03902,IT,46,128195,22,41,78.2,Yes
EMP03903,Marketing,51,126381,25,39,95.4,Yes
EMP03904,Customer Support,31,89765,25,47,100.0,Yes
EMP03905,Marketing,55,134208,20,52,89.2,Yes
EMP03906,Admin,41,92129,11,40,73.8,No
EMP03907,IT,40,122585,22,52,92.8,Yes
EMP03908,Customer Support,27,78137,4,62,71.4,No
EMP03909,Finance,44,109593,15,34,69.4,No
EMP03910,Admin,24,77703,21,33,78.6,Yes
EMP03911,Finance,59,140680,9,58,72.0,No
EMP03912,Engineering,38,132639,8,53,69.2,No
EMP03913,Sales,30,90692,15,63,79.8,Yes
EMP03914,Finance,50,133713,12,49,77.0,Yes
EMP03915,Sales,33,85800,10,43,65.8,No
EMP03916,Engineering,35,122992,17,64,88.0,Yes
EMP03917,Finance,33,108404,17,43,70.4,No
EMP03918,Marketing,25,99689,8,63,69.2,No
EMP03919,HR,48,114181,17,60,95.6,Yes
EMP03920,Admin,32,81104,3,52,63.6,No
EMP03921,Engineering,55,155346,7,30,59.6,No
EMP03922,IT,48,137871,11,34,57.2,No
EMP03923,Engineering,28,126988,23,49,92.8,Yes
EMP03924,Operations,34,103614,24,44,97.6,Yes
EMP03925,Finance,24,95473,17,36,77.2,Yes
EMP03926,Marketing,51,123701,10,47,73.2,No
EMP03927,Engineering,26,116527,15,54,89.4,Yes
EMP03928,Finance,46,117078,10,44,68.4,No
EMP03929,Sales,29,88384,13,57,79.6,Yes
EMP03930,HR,24,72475,23,32,73.6,No
EMP03931,Admin,55,110467,11,60,85.8,Yes
EMP03932,Admin,22,68764,8,51,60.0,No
EMP03933,Admin,26,85307,20,56,90.6,Yes
EMP03934,IT,39,129575,21,48,86.6,Yes
EMP03935,Admin,53,119698,10,59,76.4,Yes
EMP03936,IT,49,144865,18,53,86.2,Yes
EMP03937,Operations,57,119542,25,63,100.0,Yes
EMP03938,HR,28,75941,6,39,60.2,No
EMP03939,Engineering,58,169562,24,64,100.0,Yes
EMP03940,IT,25,117709,10,63,73.8,No
EMP03941,Engineering,59,151271,3,59,62.8,No
EMP03942,Admin,58,117371,10,46,60.6,No
EMP03943,Marketing,38,100838,14,61,89.8,Yes
EMP03944,Admin,46,98171,4,35,46.2,No
EMP03945,Marketing,22,87597,17,62,92.8,Yes
EMP03946,Finance,55,139943,25,35,85.0,Yes
EMP03947,Engineering,60,161014,18,35,75.4,Yes
EMP03948,HR,57,111852,1,40,51.8,No
EMP03949,HR,50,104843,12,50,80.6,Yes
EMP03950,Customer Support,48,99842,19,43,83.0,Yes
EMP03951,Operations,26,95844,24,62,92.4,Yes
EMP03952,HR,50,106394,25,50,91.0,Yes
EMP03953,HR,46,99193,24,37,95.4,Yes
EMP03954,Finance,36,115653,1,45,44.8,No
EMP03955,Engineering,57,158726,10,38,63.8,No
EMP03956,Marketing,28,84984,24,57,100.0,Yes
EMP03957,Admin,24,69111,11,64,86.2,Yes
EMP03958,HR,28,75598,10,50,64.0,No
EMP03959,Marketing,40,104769,23,59,100.0,Yes
EMP03960,Operations,25,93259,23,63,97.2,Yes
EMP03961,Customer Support,45,91584,5,58,61.8,No
EMP03962,Admin,43,107223,24,55,95.2,Yes
EMP03963,Operations,34,88033,8,33,66.2,No
EMP03964,Admin,42,90360,11,57,77.0,Yes
EMP03965,Engineering,39,129616,22,45,98.6,Yes
EMP03966,Customer Support,42,104562,13,45,77.4,Yes
EMP03967,IT,57,142190,12,52,67.8,No
EMP03968,Sales,45,100395,8,55,63.4,No
EMP03969,Marketing,53,119554,16,61,91.4,Yes
EMP03970,IT,22,108793,18,56,91.0,Yes
EMP03971,Operations,21,78002,8,48,71.2,No
EMP03972,Customer Support,26,68450,9,46,68.8,No
EMP03973,HR,25,80594,4,59,74.6,No
EMP03974,Operations,34,101221,18,49,81.8,Yes
EMP03975,Operations,23,80790,4,32,55.4,No
EMP03976,HR,55,113012,5,61,57.6,No
EMP03977,IT,37,121233,16,56,87.4,Yes
EMP03978,Admin,29,80292,4,46,54.8,No
EMP03979,Finance,50,134397,17,44,79.0,Yes
EMP03980,HR,34,99645,19,56,80.8,Yes
EMP03981,Engineering,47,156284,13,46,83.0,Yes
EMP03982,IT,21,112782,6,62,68.0,No
EMP03983,Admin,60,119482,15,47,78.2,Yes
EMP03984,Marketing,28,101217,25,51,100.0,Yes
EMP03985,Engineering,29,123512,4,59,60.6,No
EMP03986,Customer Support,22,65326,18,65,86.4,Yes
EMP03987,Sales,45,105655,25,32,85.2,Yes
EMP03988,Admin,34,79930,25,63,100.0,Yes
EMP03989,Marketing,52,126922,18,60,100.0,Yes
EMP03990,Admin,43,95627,8,44,64.8,No
EMP03991,Engineering,39,135027,15,30,60.0,No
EMP03992,HR,35,85693,20,30,77.0,Yes
EMP03993,Admin,33,77359,21,56,88.4,Yes
EMP03994,IT,55,147425,13,38,66.2,No
EMP03995,HR,31,82783,9,34,55.6,No
EMP03996,HR,26,85952,24,52,100.0,Yes
EMP03997,HR,29,76972,9,47,56.4,No
EMP03998,Engineering,24,112067,23,47,99.6,Yes
EMP03999,IT,34,118670,9,53,77.0,Yes
EMP04000,HR,25,80143,20,60,87.0,Yes
EMP04001,IT,30,123825,25,47,99.2,Yes
EMP04002,Admin,22,76172,16,39,72.2,No
EMP04003,Customer Support,57,109214,7,41,60.2,No
EMP04004,Engineering,26,117279,10,39,62.4,No
EMP04005,Sales,21,75848,23,43,92.2,Yes
EMP04006,Finance,27,88561,18,33,70.2,No
EMP04007,Customer Support,40,86251,17,57,88.8,Yes
EMP04008,HR,34,85692,16,30,75.8,Yes
EMP04009,Engineering,46,137037,23,40,81.4,Yes
EMP04010,HR,23,75347,20,51,90.6,Yes
EMP04011,IT,47,132841,3,53,62.2,No
EMP04012,HR,55,121232,1,51,59.4,No
EMP04013,Operations,59,120938,1,33,48.6,No
EMP04014,IT,36,114051,11,30,63.8,No
EMP04015,Engineering,34,121934,3,42,62.6,No
EMP04016,IT,49,132376,6,35,49.8,No
EMP04017,Customer Support,55,117689,19,32,80.4,Yes
EMP04018,Customer Support,25,71082,16,39,67.2,No
EMP04019,Sales,22,84753,11,47,63.0,No
EMP04020,Finance,52,135329,19,40,72.2,No
EMP04021,HR,51,111239,15,46,73.6,No
EMP04022,HR,47,106280,5,44,56.4,No
EMP04023,IT,29,107842,12,39,77.0,Yes
EMP04024,HR,46,101133,5,51,57.6,No
EMP04025,Sales,58,119250,25,35,78.0,Yes
EMP04026,Sales,58,130147,10,58,69.8,No
EMP04027,HR,45,107784,7,41,69.2,No
EMP04028,Operations,43,102877,4,44,60.6,No
EMP04029,Finance,47,131148,21,59,94.2,Yes
EMP04030,HR,56,116058,22,38,85.4,Yes
EMP04031,Admin,43,101126,12,37,56.8,No
EMP04032,Finance,29,100274,4,37,58.4,No
EMP04033,Finance,58,142310,6,57,69.0,No
EMP04034,Admin,39,99494,14,46,81.8,Yes
EMP04035,Admin,48,98758,22,56,91.2,Yes
EMP04036,Customer Support,50,111390,2,30,49.6,No
EMP04037,Sales,38,91374,15,46,82.6,Yes
EMP04038,Engineering,35,124902,22,65,100.0,Yes
EMP04039,HR,28,92187,16,48,73.6,No
EMP04040,Customer Support,26,67849,10,32,61.2,No
EMP04041,Admin,57,118279,25,42,100.0,Yes
EMP04042,Marketing,29,93929,11,44,75.2,Yes
EMP04043,Admin,38,97314,14,47,66.4,No
EMP04044,IT,53,152411,4,44,61.6,No
EMP04045,Operations,47,109543,9,57,66.4,No
EMP04046,IT,21,101730,3,40,56.4,No
EMP04047,HR,30,76048,12,51,70.2,No
EMP04048,HR,34,81395,2,31,51.2,No
EMP04049,Customer Support,54,113015,8,48,69.2,No
EMP04050,Finance,36,98310,20,30,82.0,Yes
EMP04051,Finance,54,123703,4,46,58.8,No
EMP04052,HR,21,77798,19,35,85.2,Yes
EMP04053,Marketing,30,92604,5,61,71.6,No
EMP04054,Admin,58,108065,25,59,100.0,Yes
EMP04055,Admin,21,72037,24,51,100.0,Yes
EMP04056,Admin,26,76654,14,60,85.2,Yes
EMP04057,HR,36,102753,2,31,52.2,No
EMP04058,Sales,53,116760,22,44,91.0,Yes
EMP04059,Finance,28,103203,24,45,84.2,Yes
EMP04060,Admin,27,72429,3,50,66.4,No
EMP04061,Operations,56,125004,23,46,97.0,Yes
EMP04062,Sales,30,87196,5,31,59.6,No
EMP04063,HR,37,91066,3,53,59.2,No
EMP04064,Sales,36,89182,14,56,84.8,Yes
EMP04065,Customer Support,41,93485,19,46,91.8,Yes
EMP04066,Customer Support,38,85458,14,58,73.0,No
EMP04067,HR,27,81148,18,38,87.2,Yes
EMP04068,IT,22,99401,23,64,100.0,Yes
EMP04069,IT,30,122821,21,44,90.2,Yes
EMP04070,Sales,59,128614,1,39,41.2,No
EMP04071,Admin,23,66894,12,62,85.8,Yes
EMP04072,Operations,37,98851,5,59,67.4,No
EMP04073,Customer Support,33,81883,10,40,65.0,No
EMP04074,HR,50,102857,1,48,47.6,No
EMP04075,Finance,60,131570,25,65,100.0,Yes
EMP04076,Finance,42,119119,18,37,68.6,No
EMP04077,Operations,32,94799,12,31,64.2,No
EMP04078,HR,28,93313,2,59,56.0,No
EMP04079,HR,35,95382,9,57,62.4,No
EMP04080,Finance,24,91739,5,65,76.0,No
EMP04081,Engineering,30,118940,3,31,41.0,No
EMP04082,IT,33,111849,19,57,91.4,Yes
EMP04083,IT,26,118644,1,46,52.4,No
EMP04084,Engineering,21,119461,24,57,99.4,Yes
EMP04085,Sales,35,88507,10,54,71.4,No
EMP04086,IT,32,115568,15,56,92.6,Yes
EMP04087,Customer Support,40,85887,1,36,45.4,No
EMP04088,HR,36,89916,12,61,79.2,Yes
EMP04089,IT,52,143859,9,45,72.2,No
EMP04090,Finance,47,128922,16,56,79.4,Yes
EMP04091,Operations,31,88335,25,36,92.6,Yes
EMP04092,Customer Support,32,90091,15,30,69.0,No
EMP04093,Customer Support,47,96401,12,55,70.6,No
EMP04094,Finance,38,113994,20,58,99.8,Yes
EMP04095,Admin,49,111309,9,48,71.0,No
EMP04096,IT,26,108005,19,33,77.0,Yes
EMP04097,HR,21,81920,14,36,67.8,No
EMP04098,Engineering,53,147714,10,39,60.4,No
EMP04099,Sales,41,95957,7,49,63.0,No
EMP04100,Customer Support,47,95019,18,39,71.8,No
EMP04101,Operations,26,86483,21,57,100.0,Yes
EMP04102,IT,43,140436,12,46,66.2,No
EMP04103,Customer Support,22,70675,22,47,99.8,Yes
EMP04104,Finance,26,92608,4,61,72.8,No
EMP04105,Finance,56,137391,17,39,73.0,No
EMP04106,Customer Support,21,67584,8,49,65.8,No
EMP04107,Sales,58,120457,17,62,81.8,Yes
EMP04108,Admin,54,119391,9,56,61.8,No
EMP04109,Customer Support,46,101580,9,31,49.8,No
EMP04110,HR,27,77675,6,35,54.8,No
EMP04111,Marketing,40,100695,22,47,84.8,Yes
EMP04112,HR,36,84869,4,55,61.2,No
EMP04113,Admin,60,116855,14,30,70.2,No
EMP04114,Finance,30,103617,23,62,91.6,Yes
EMP04115,Marketing,24,85407,6,33,45.6,No
EMP04116,Engineering,59,153427,18,33,66.2,No
EMP04117,HR,38,95358,1,43,54.6,No
EMP04118,Marketing,28,86840,4,61,73.8,No
EMP04119,Admin,50,100439,14,32,76.4,Yes
EMP04120,IT,45,125668,25,52,100.0,Yes
EMP04121,Finance,37,114691,19,48,91.0,Yes
EMP04122,Operations,42,99924,1,37,42.0,No
EMP04123,Operations,49,123170,8,51,62.0,No
EMP04124,HR,28,91888,16,40,80.8,Yes
EMP04125,Admin,49,111255,24,30,77.2,Yes
EMP04126,HR,50,115333,23,44,82.8,Yes
EMP04127,Finance,47,129505,14,31,71.8,No
EMP04128,Engineering,28,120245,5,38,62.8,No
EMP04129,Customer Support,58,120669,9,60,67.2,No
EMP04130,Marketing,55,123428,16,51,72.4,No
EMP04131,Customer Support,49,94028,18,36,71.0,No
EMP04132,Admin,39,95804,1,65,63.8,No
EMP04133,Admin,50,102561,2,30,53.6,No
EMP04134,Sales,37,96388,7,38,59.4,No
EMP04135,IT,32,127571,4,55,53.2,No
EMP04136,Customer Support,45,103938,18,52,83.6,Yes
EMP04137,Engineering,46,149699,1,54,57.2,No
EMP04138,Customer Support,25,73057,20,37,88.2,Yes
EMP04139,IT,44,124599,3,50,50.4,No
EMP04140,Sales,47,103782,5,54,53.4,No
EMP04141,HR,51,113126,7,42,50.8,No
EMP04142,Sales,54,116742,6,48,54.6,No
EMP04143,Admin,60,118455,8,38,66.2,No
EMP04144,Admin,39,84572,3,44,43.8,No
EMP04145,Finance,40,122683,24,57,91.4,Yes
EMP04146,Operations,21,77028,8,32,48.6,No
EMP04147,Finance,44,119751,13,60,88.4,Yes
EMP04148,Sales,45,106572,13,45,81.4,Yes
EMP04149,Marketing,42,103372,10,65,71.0,No
EMP04150,Operations,21,81248,1,37,51.0,No
EMP04151,Sales,47,117475,25,39,96.4,Yes
EMP04152,Customer Support,58,120081,4,50,56.2,No
EMP04153,Operations,56,118683,11,37,71.0,No
EMP04154,Engineering,25,113227,16,51,75.4,Yes
EMP04155,Operations,35,105603,25,61,96.6,Yes
EMP04156,Operations,42,109733,9,39,71.6,No
EMP04157,Engineering,23,120161,6,44,49.2,No
EMP04158,Sales,30,93117,10,57,72.2,No
EMP04159,Engineering,48,138801,15,39,73.4,No
EMP04160,Engineering,25,125095,4,31,43.8,No
EMP04161,Admin,24,77650,15,37,73.2,No
EMP04162,Engineering,37,140166,18,44,71.8,No
EMP04163,Finance,34,105856,16,50,77.8,Yes
EMP04164,HR,54,119293,25,41,90.6,Yes
EMP04165,Sales,25,90041,17,50,77.6,Yes
EMP04166,HR,45,104889,6,41,55.4,No
EMP04167,Admin,46,106974,13,39,63.8,No
EMP04168,Admin,56,118902,10,32,62.2,No
EMP04169,Sales,48,117192,5,30,59.0,No
EMP04170,Marketing,45,106215,5,60,63.0,No
EMP04171,Marketing,42,113536,24,65,100.0,Yes
EMP04172,IT,47,133539,12,38,72.4,No
EMP04173,Admin,48,107918,16,33,60.6,No
EMP04174,Admin,37,100776,17,55,82.6,Yes
EMP04175,HR,32,90541,23,51,91.0,Yes
EMP04176,HR,37,101597,12,31,71.2,No
EMP04177,Engineering,30,118746,7,56,68.2,No
EMP04178,Engineering,59,151089,14,46,74.8,No
EMP04179,Operations,33,88493,14,58,87.0,Yes
EMP04180,Engineering,53,154880,16,51,79.4,Yes
EMP04181,Customer Support,31,80104,3,31,52.0,No
EMP04182,IT,37,121283,6,60,70.8,No
EMP04183,Engineering,29,120706,24,43,82.0,Yes
EMP04184,IT,32,124198,21,39,76.2,Yes
EMP04185,Finance,27,103459,15,53,83.8,Yes
EMP04186,Finance,59,139658,16,36,67.4,No
EMP04187,Sales,24,85988,6,64,64.2,No
EMP04188,Sales,39,110711,18,55,94.4,Yes
EMP04189,HR,35,85393,12,41,71.2,No
EMP04190,HR,58,115733,7,41,49.2,No
EMP04191,Customer Support,32,73855,19,65,88.2,Yes
EMP04192,IT,38,124402,22,55,99.6,Yes
EMP04193,HR,25,70828,14,64,77.6,Yes
EMP04194,Engineering,49,145879,25,31,77.6,Yes
EMP04195,Marketing,46,116420,15,32,58.2,No
EMP04196,Sales,23,79437,19,42,76.4,Yes
EMP04197,Engineering,47,145563,6,46,62.4,No
EMP04198,Marketing,57,123639,4,58,72.0,No
EMP04199,Engineering,38,143793,14,45,64.2,No
EMP04200,Marketing,55,129031,19,32,75.4,Yes
EMP04201,HR,37,102423,6,52,64.0,No
EMP04202,Marketing,27,86568,24,44,95.6,Yes
EMP04203,Engineering,31,120051,6,64,66.2,No
EMP04204,Finance,57,134805,13,44,81.8,Yes
EMP04205,Sales,24,75749,25,57,95.2,Yes
EMP04206,Customer Support,48,103450,15,55,77.0,Yes
EMP04207,IT,50,141662,18,49,79.8,Yes
EMP04208,Engineering,58,150366,9,53,74.0,No
EMP04209,Admin,21,72074,18,57,78.6,Yes
EMP04210,Engineering,47,137111,12,56,72.2,No
EMP04211,Admin,23,83115,1,36,40.4,No
EMP04212,HR,59,113347,6,41,58.4,No
EMP04213,Marketing,40,107158,20,32,75.2,Yes
EMP04214,HR,55,111680,19,44,77.6,Yes
EMP04215,Marketing,43,107279,8,43,52.2,No
EMP04216,Marketing,31,88534,12,34,58.0,No
EMP04217,Operations,44,103519,12,33,72.4,No
EMP04218,Operations,35,90094,10,51,67.6,No
EMP04219,Admin,46,101533,18,65,89.4,Yes
EMP04220,Marketing,60,128315,25,45,89.0,Yes
EMP04221,Marketing,39,116201,13,40,72.4,No
EMP04222,HR,29,86164,18,31,81.0,Yes
EMP04223,Marketing,55,124829,4,38,50.0,No
EMP04224,IT,26,115759,19,33,76.0,Yes
EMP04225,Customer Support,59,107649,11,38,57.6,No
EMP04226,Marketing,30,92490,16,55,75.8,Yes
EMP04227,Engineering,51,150304,10,53,66.8,No
EMP04228,HR,25,89506,13,41,68.0,No
EMP04229,Marketing,26,84404,15,51,87.6,Yes
EMP04230,IT,29,107290,13,58,77.2,Yes
EMP04231,Engineering,27,125532,12,44,64.0,No
EMP04232,Sales,48,107552,16,50,86.8,Yes
EMP04233,Sales,46,104848,13,36,57.0,No
EMP04234,Customer Support,60,114489,4,58,54.0,No
EMP04235,IT,21,104000,22,64,100.0,Yes
EMP04236,Sales,29,85246,2,42,43.8,No
EMP04237,Operations,25,87874,23,44,90.8,Yes
EMP04238,Operations,21,79077,4,47,51.4,No
EMP04239,Finance,27,89017,10,45,73.0,No
EMP04240,Engineering,49,143376,19,59,89.6,Yes
EMP04241,IT,50,134302,12,46,65.2,No
EMP04242,Admin,26,76535,18,45,91.4,Yes
EMP04243,Admin,41,86443,4,41,52.8,No
EMP04244,Engineering,55,160136,16,32,75.0,Yes
EMP04245,Marketing,45,109575,7,45,69.6,No
EMP04246,Admin,58,109721,14,52,79.4,Yes
EMP04247,HR,60,127311,6,51,70.4,No
EMP04248,Customer Support,39,98831,9,33,58.0,No
EMP04249,Operations,53,127980,24,63,99.0,Yes
EMP04250,IT,55,150327,25,50,100.0,Yes
EMP04251,Customer Support,29,86443,6,31,49.4,No
EMP04252,Engineering,46,147075,5,40,54.0,No
EMP04253,Operations,34,90426,24,53,100.0,Yes
EMP04254,IT,46,130856,18,40,73.4,No
EMP04255,HR,43,109074,25,36,83.6,Yes
EMP04256,Customer Support,43,101254,6,49,57.2,No
EMP04257,Customer Support,56,108107,7,46,72.2,No
EMP04258,Finance,21,88250,6,40,54.8,No
EMP04259,Sales,26,95664,19,41,70.8,No
EMP04260,Customer Support,21,74728,13,40,60.4,No
EMP04261,Customer Support,29,78394,13,30,63.4,No
EMP04262,Operations,24,81865,14,42,64.4,No
EMP04263,Sales,51,106814,21,32,76.0,Yes
EMP04264,Finance,60,145839,2,35,43.6,No
EMP04265,Operations,36,107853,25,42,100.0,Yes
EMP04266,IT,32,123593,6,49,54.2,No
EMP04267,Marketing,26,82732,13,30,66.4,No
EMP04268,Admin,22,79320,5,59,57.4,No
EMP04269,Customer Support,41,87833,9,55,74.2,No
EMP04270,Engineering,24,121609,14,38,69.0,No
EMP04271,Admin,34,78138,23,52,84.6,Yes
EMP04272,Operations,57,121084,8,59,67.8,No
EMP04273,Customer Support,38,94546,3,58,56.2,No
EMP04274,Finance,35,110446,7,42,52.8,No
EMP04275,Sales,21,84463,10,35,60.0,No
EMP04276,Marketing,29,97549,23,36,86.0,Yes
EMP04277,Sales,38,105665,4,42,49.4,No
EMP04278,Engineering,50,157149,22,54,95.0,Yes
EMP04279,Customer Support,51,110027,25,32,82.2,Yes
EMP04280,Sales,37,98491,6,32,55.0,No
EMP04281,Engineering,25,113279,11,51,78.4,Yes
EMP04282,Engineering,56,163400,1,35,53.8,No
EMP04283,Marketing,60,127988,6,49,53.2,No
EMP04284,Sales,31,96791,18,44,79.8,Yes
EMP04285,Sales,38,96112,3,61,61.0,No
EMP04286,Operations,38,99034,14,51,83.8,Yes
EMP04287,Sales,45,104423,15,30,68.0,No
EMP04288,Admin,39,96202,12,44,64.0,No
EMP04289,Admin,47,102603,19,32,79.4,Yes
EMP04290,Marketing,32,97123,17,57,78.8,Yes
EMP04291,HR,21,72642,20,51,94.6,Yes
EMP04292,Operations,42,103114,16,47,71.0,No
EMP04293,Sales,46,119532,8,50,75.4,Yes
EMP04294,HR,22,82028,19,44,89.6,Yes
EMP04295,Sales,25,76635,22,57,94.8,Yes
EMP04296,Customer Support,52,107020,24,36,83.8,Yes
EMP04297,Admin,50,106037,17,46,76.2,Yes
EMP04298,HR,50,102698,13,54,84.8,Yes
EMP04299,Operations,49,119369,14,46,78.8,Yes
EMP04300,Customer Support,29,83042,25,44,100.0,Yes
EMP04301,Operations,25,79855,22,49,97.0,Yes
EMP04302,Admin,44,91759,24,32,78.4,Yes
EMP04303,Engineering,49,157702,23,40,80.4,Yes
EMP04304,Admin,21,63543,10,51,74.6,No
EMP04305,Customer Support,56,109939,1,48,53.6,No
EMP04306,Customer Support,47,92596,2,51,53.2,No
EMP04307,Engineering,36,142603,9,57,78.4,Yes
EMP04308,Marketing,36,109028,1,55,66.8,No
EMP04309,Marketing,49,124233,1,55,49.8,No
EMP04310,IT,56,150983,6,41,60.4,No
EMP04311,Sales,51,106729,25,35,94.0,Yes
EMP04312,Admin,49,109919,21,62,97.0,Yes
EMP04313,Admin,34,97388,25,51,88.6,Yes
EMP04314,Engineering,45,152764,25,43,95.8,Yes
EMP04315,Sales,34,102676,22,40,94.6,Yes
EMP04316,Engineering,53,153919,13,31,74.0,No
EMP04317,HR,41,107910,22,49,85.0,Yes
EMP04318,Finance,29,91722,23,59,96.8,Yes
EMP04319,Customer Support,56,120060,25,34,89.4,Yes
EMP04320,HR,49,105548,14,55,75.2,Yes
EMP04321,Finance,24,102735,13,40,59.4,No
EMP04322,Marketing,51,127877,19,41,89.8,Yes
EMP04323,Admin,26,72132,6,61,76.4,No
EMP04324,Customer Support,30,77687,23,50,90.4,Yes
EMP04325,Finance,50,132494,15,30,70.0,No
EMP04326,Sales,40,112245,6,55,64.8,No
EMP04327,HR,31,84881,7,64,65.0,No
EMP04328,Operations,36,93901,10,31,57.6,No
EMP04329,Customer Support,43,99064,15,31,76.6,Yes
EMP04330,Finance,32,111049,20,51,92.6,Yes
EMP04331,HR,33,99498,12,46,77.2,Yes
EMP04332,Sales,31,98997,8,65,73.4,No
EMP04333,HR,36,85668,23,39,90.8,Yes
EMP04334,Finance,55,137449,14,60,73.2,No
EMP04335,Customer Support,45,96267,21,47,81.0,Yes
EMP04336,Admin,42,90773,19,33,78.0,Yes
EMP04337,IT,37,117452,21,62,97.0,Yes
EMP04338,Marketing,21,78949,15,32,73.2,No
EMP04339,IT,24,100193,14,49,80.6,Yes
EMP04340,Marketing,24,96475,1,62,52.0,No
EMP04341,Finance,54,132976,15,40,67.0,No
EMP04342,IT,54,152831,20,56,86.6,Yes
EMP04343,Sales,39,92789,17,50,72.6,No
EMP04344,IT,50,148987,17,62,89.8,Yes
EMP04345,IT,57,147431,21,59,87.2,Yes
EMP04346,Customer Support,25,78860,18,30,80.4,Yes
EMP04347,Customer Support,28,84074,4,40,55.2,No
EMP04348,IT,46,126284,1,65,68.8,No
EMP04349,HR,29,89751,8,37,49.6,No
EMP04350,Customer Support,32,82595,7,46,60.2,No
EMP04351,Operations,34,93825,20,54,100.0,Yes
EMP04352,Operations,37,91592,17,61,81.2,Yes
EMP04353,HR,32,83072,24,48,93.0,Yes
EMP04354,Operations,31,103751,7,56,58.2,No
EMP04355,Finance,58,139625,5,44,58.4,No
EMP04356,HR,36,91924,6,65,79.8,No
EMP04357,Customer Support,49,101989,23,33,92.2,Yes
EMP04358,Engineering,45,143622,1,38,43.6,No
EMP04359,Operations,45,102377,5,49,61.4,No
EMP04360,Marketing,43,109983,23,57,100.0,Yes
EMP04361,Admin,26,77322,15,53,70.8,No
EMP04362,Customer Support,36,94912,23,47,98.6,Yes
EMP04363,Finance,30,107331,12,58,75.4,Yes
EMP04364,Operations,54,125271,9,55,65.2,No
EMP04365,IT,33,110859,8,57,72.6,No
EMP04366,Engineering,46,148561,20,63,94.8,Yes
EMP04367,Finance,58,143653,5,53,61.8,No
EMP04368,Engineering,57,152820,22,41,77.2,Yes
EMP04369,IT,37,127079,20,63,90.8,Yes
EMP04370,Customer Support,31,72563,19,38,81.0,Yes
EMP04371,Customer Support,47,110051,3,59,70.8,No
EMP04372,IT,47,138752,7,52,74.8,No
EMP04373,IT,58,147724,19,65,91.2,Yes
EMP04374,Admin,41,99301,24,60,100.0,Yes
EMP04375,Engineering,53,158376,23,61,100.0,Yes
EMP04376,Operations,32,85804,25,57,100.0,Yes
EMP04377,Marketing,28,89257,9,63,67.0,No
EMP04378,Sales,54,112934,20,45,85.0,Yes
EMP04379,Admin,33,96244,24,42,82.4,Yes
EMP04380,IT,30,106961,13,30,53.4,No
EMP04381,Sales,25,90283,10,33,61.8,No
EMP04382,Finance,30,92106,10,44,65.4,No
EMP04383,Finance,57,127273,7,49,54.0,No
EMP04384,Admin,34,88331,19,61,86.8,Yes
EMP04385,Engineering,55,165380,5,32,59.2,No
EMP04386,Customer Support,55,113574,21,50,88.8,Yes
EMP04387,IT,31,117997,10,30,67.0,No
EMP04388,HR,30,83652,17,41,77.2,Yes
EMP04389,HR,35,95979,19,61,95.8,Yes
EMP04390,Finance,59,144107,20,46,94.6,Yes
EMP04391,IT,46,126312,19,64,100.0,Yes
EMP04392,Customer Support,44,87941,18,38,69.2,No
EMP04393,Operations,51,122898,8,30,63.4,No
EMP04394,Customer Support,47,105510,4,63,75.0,No
EMP04395,Engineering,42,130620,5,48,58.8,No
EMP04396,Sales,36,92149,16,46,73.4,No
EMP04397,Marketing,41,114999,3,42,61.6,No
EMP04398,Customer Support,41,85898,4,30,52.2,No
EMP04399,Engineering,52,144801,7,40,63.6,No
EMP04400,HR,43,94423,8,56,78.0,Yes
EMP04401,HR,32,97530,5,51,70.6,No
EMP04402,Marketing,25,86336,17,60,84.6,Yes
EMP04403,HR,50,106024,7,49,63.0,No
EMP04404,Sales,40,111020,15,48,86.8,Yes
EMP04405,Sales,21,71041,16,57,89.0,Yes
EMP04406,Customer Support,55,111328,5,44,49.4,No
EMP04407,Engineering,21,107697,14,50,86.2,Yes
EMP04408,Engineering,25,128263,21,32,80.0,Yes
EMP04409,Engineering,26,116654,23,45,97.4,Yes
EMP04410,Operations,58,128123,3,47,57.6,No
EMP04411,Sales,33,102895,2,34,47.0,No
EMP04412,HR,53,121445,12,52,66.8,No
EMP04413,Operations,27,88288,15,46,85.6,Yes
EMP04414,Operations,46,115253,8,37,49.6,No
EMP04415,Engineering,52,151740,1,33,33.6,No
EMP04416,Marketing,58,130050,1,49,52.2,No
EMP04417,Admin,28,78747,9,31,65.8,No
EMP04418,IT,55,153682,6,35,43.8,No
EMP04419,Customer Support,34,77107,13,40,66.4,No
EMP04420,Operations,53,123685,18,65,91.4,Yes
EMP04421,Engineering,22,106807,18,64,86.8,Yes
EMP04422,Operations,46,105166,6,51,65.4,No
EMP04423,Customer Support,39,88475,23,43,86.2,Yes
EMP04424,Customer Support,42,87218,5,42,52.2,No
EMP04425,Engineering,59,151477,10,46,73.6,No
EMP04426,HR,53,119570,25,57,92.2,Yes
EMP04427,Admin,53,120148,16,32,65.0,No
EMP04428,Finance,23,100322,20,35,89.0,Yes
EMP04429,Marketing,39,103343,3,35,42.4,No
EMP04430,Customer Support,45,99986,4,36,57.8,No
EMP04431,Admin,38,84141,11,65,80.8,Yes
EMP04432,Customer Support,31,76109,8,41,54.0,No
EMP04433,Customer Support,59,120703,2,48,49.4,No
EMP04434,HR,30,95681,11,44,73.2,No
EMP04435,Engineering,21,117106,16,47,77.0,Yes
EMP04436,Engineering,39,144226,24,33,79.0,Yes
EMP04437,Finance,33,104078,15,34,71.4,No
EMP04438,Operations,25,95893,24,45,90.2,Yes
EMP04439,Engineering,47,140734,13,56,82.0,Yes
EMP04440,Marketing,32,88490,11,54,75.2,Yes
EMP04441,HR,35,84414,5,54,70.4,No
EMP04442,HR,40,103930,5,53,69.8,No
EMP04443,HR,49,115738,7,54,69.0,No
EMP04444,Operations,24,83549,2,55,49.6,No
EMP04445,Customer Support,46,90474,8,57,71.6,No
EMP04446,IT,23,100474,24,63,100.0,Yes
EMP04447,Sales,48,121859,1,64,55.2,No
EMP04448,Marketing,21,94610,19,32,68.4,No
EMP04449,HR,31,78144,24,45,86.2,Yes
EMP04450,IT,44,133907,1,46,46.4,No
EMP04451,Engineering,33,138226,25,53,100.0,Yes
EMP04452,Operations,59,136624,8,37,68.6,No
EMP04453,Customer Support,32,90879,2,33,48.4,No
EMP04454,IT,23,113754,15,52,79.2,Yes
EMP04455,Sales,41,95636,9,38,61.0,No
EMP04456,Admin,39,93149,20,48,86.8,Yes
EMP04457,Admin,35,97266,3,37,39.6,No
EMP04458,Finance,56,141704,23,65,100.0,Yes
EMP04459,Operations,43,107886,17,43,77.4,Yes
EMP04460,Customer Support,42,90900,13,40,78.4,Yes
EMP04461,IT,44,139021,4,61,56.8,No
EMP04462,Customer Support,41,91891,13,30,66.4,No
EMP04463,Customer Support,27,85152,5,49,63.4,No
EMP04464,Engineering,22,121109,1,48,62.6,No
EMP04465,Customer Support,30,75295,13,31,60.0,No
EMP04466,Finance,43,118565,12,62,70.8,No
EMP04467,Operations,25,79223,7,30,56.6,No
EMP04468,Finance,35,100076,14,61,83.8,Yes
EMP04469,HR,48,112019,12,63,89.4,Yes
EMP04470,Operations,24,84177,5,41,54.6,No
EMP04471,Marketing,25,90079,8,50,70.4,No
EMP04472,Sales,57,122057,2,54,59.0,No
EMP04473,Finance,34,111120,22,50,99.6,Yes
EMP04474,Operations,24,79834,24,59,100.0,Yes
EMP04475,Admin,26,81237,21,64,100.0,Yes
EMP04476,Customer Support,40,97079,19,43,82.0,Yes
EMP04477,Finance,45,115383,18,45,81.4,Yes
EMP04478,Engineering,59,165873,9,65,79.2,Yes
EMP04479,HR,56,108811,12,59,74.0,No
EMP04480,Engineering,36,140962,16,35,69.8,No
EMP04481,HR,36,101670,21,36,76.4,Yes
EMP04482,HR,31,91371,20,53,94.8,Yes
EMP04483,Marketing,36,112982,7,39,63.0,No
EMP04484,IT,34,120273,7,55,65.6,No
EMP04485,IT,23,108156,18,38,74.2,No
EMP04486,Customer Support,31,91655,15,54,91.4,Yes
EMP04487,Sales,32,98912,6,58,64.6,No
EMP04488,IT,60,153080,8,64,84.8,Yes
EMP04489,HR,30,81975,5,45,48.0,No
EMP04490,Finance,57,125538,9,30,59.2,No
EMP04491,Marketing,60,138916,8,41,59.0,No
EMP04492,IT,39,133008,7,49,56.0,No
EMP04493,Admin,59,123635,5,30,49.0,No
EMP04494,Finance,41,115409,11,47,64.0,No
EMP04495,HR,45,108300,15,50,87.0,Yes
EMP04496,Finance,59,133046,7,65,66.6,No
EMP04497,HR,22,75717,23,55,93.4,Yes
EMP04498,IT,34,115733,6,57,61.0,No
EMP04499,Engineering,52,149554,15,59,80.4,Yes
EMP04500,Customer Support,25,66106,24,62,100.0,Yes
EMP04501,Sales,46,101126,24,60,100.0,Yes
EMP04502,Marketing,21,76915,18,53,83.2,Yes
EMP04503,HR,45,99553,11,50,80.8,Yes
EMP04504,Sales,53,111379,5,48,50.8,No
EMP04505,Sales,51,110534,24,33,90.0,Yes
EMP04506,HR,38,101107,22,57,96.8,Yes
EMP04507,IT,53,147370,14,59,76.6,Yes
EMP04508,HR,44,93251,14,40,62.2,No
EMP04509,Customer Support,36,89892,7,62,81.8,No
EMP04510,Sales,46,109464,14,34,75.6,Yes
EMP04511,Sales,49,123008,11,61,74.4,No
EMP04512,Admin,27,88219,7,61,78.2,No
EMP04513,Finance,38,114600,9,62,66.4,No
EMP04514,Operations,58,125843,11,30,68.8,No
EMP04515,IT,34,120518,14,57,77.4,Yes
EMP04516,IT,29,124148,24,44,89.6,Yes
EMP04517,Finance,45,114142,5,36,59.6,No
EMP04518,Admin,58,110018,21,34,80.2,Yes
EMP04519,Sales,60,124470,18,51,83.0,Yes
EMP04520,HR,22,72378,23,34,87.8,Yes
EMP04521,IT,48,146984,5,42,62.2,No
EMP04522,Engineering,40,133295,10,41,64.6,No
EMP04523,Engineering,46,151311,24,62,94.4,Yes
EMP04524,Admin,53,104819,17,39,72.0,No
EMP04525,Admin,49,111629,21,64,89.2,Yes
EMP04526,Admin,42,100111,10,34,66.4,No
EMP04527,Customer Support,24,70351,23,34,81.8,Yes
EMP04528,Operations,57,130720,13,49,82.8,Yes
EMP04529,Admin,59,108602,9,55,71.2,No
EMP04530,Customer Support,53,107425,22,58,100.0,Yes
EMP04531,Marketing,45,111911,22,64,90.0,Yes
EMP04532,Engineering,60,164942,5,42,49.2,No
EMP04533,Admin,24,79470,2,39,41.0,No
EMP04534,Customer Support,45,92242,5,30,52.0,No
EMP04535,Operations,41,112799,11,58,79.6,Yes
EMP04536,Operations,38,105661,16,63,88.6,Yes
EMP04537,Operations,41,99472,16,52,77.0,Yes
EMP04538,Engineering,37,124587,14,47,65.4,No
EMP04539,Customer Support,24,74861,17,58,93.4,Yes
EMP04540,Admin,47,95283,5,48,60.8,No
EMP04541,Customer Support,25,73367,13,52,76.6,Yes
EMP04542,IT,27,112313,6,46,58.4,No
EMP04543,Admin,25,76702,19,60,82.2,Yes
EMP04544,Marketing,30,99321,7,63,79.4,No
EMP04545,HR,48,108029,17,44,84.0,Yes
EMP04546,Finance,23,90633,15,31,70.6,No
EMP04547,HR,33,88374,20,49,81.4,Yes
EMP04548,Admin,34,79791,21,56,88.4,Yes
EMP04549,Operations,23,92312,24,33,94.0,Yes
EMP04550,Marketing,55,118266,1,47,48.0,No
EMP04551,HR,38,87769,19,57,99.4,Yes
EMP04552,Engineering,51,145621,19,61,90.8,Yes
EMP04553,IT,42,123988,18,47,78.6,Yes
EMP04554,Customer Support,44,105056,20,47,76.2,Yes
EMP04555,Operations,40,101705,2,59,62.0,No
EMP04556,Engineering,45,134464,10,62,85.2,Yes
EMP04557,Engineering,41,147977,21,44,84.2,Yes
EMP04558,Operations,22,74879,19,65,89.2,Yes
EMP04559,HR,48,106456,6,46,54.4,No
EMP04560,Marketing,23,94981,3,52,67.6,No
EMP04561,Operations,29,82375,17,47,84.8,Yes
EMP04562,Sales,33,92050,5,32,43.2,No
EMP04563,Engineering,57,163839,22,59,96.0,Yes
EMP04564,Customer Support,55,120977,15,53,81.8,Yes
EMP04565,Sales,28,92538,3,62,62.6,No
EMP04566,IT,54,151212,7,30,58.6,No
EMP04567,Operations,29,94790,21,63,100.0,Yes
EMP04568,Finance,38,105815,19,56,86.8,Yes
EMP04569,IT,35,123815,14,31,72.8,No
EMP04570,Sales,45,112762,6,59,73.2,No
EMP04571,Admin,39,98331,7,36,52.2,No
EMP04572,Customer Support,21,79544,13,41,66.0,No
EMP04573,Operations,26,81159,3,63,69.2,No
EMP04574,Admin,55,107806,5,48,61.8,No
EMP04575,Operations,44,113376,19,49,94.6,Yes
EMP04576,HR,56,114919,14,39,64.6,No
EMP04577,IT,50,133900,8,60,76.4,Yes
EMP04578,Admin,60,113964,19,31,69.8,No
EMP04579,Engineering,35,123176,22,33,84.4,Yes
EMP04580,Sales,41,108880,23,64,92.8,Yes
EMP04581,Sales,56,131235,15,58,83.8,Yes
EMP04582,Finance,37,113186,21,58,99.6,Yes
EMP04583,Operations,41,98736,7,63,79.4,No
EMP04584,HR,55,121164,15,43,80.8,Yes
EMP04585,Operations,25,87499,19,34,81.6,Yes
EMP04586,HR,59,122910,18,49,89.8,Yes
EMP04587,Customer Support,59,123820,6,55,61.8,No
EMP04588,Sales,53,123125,18,62,94.6,Yes
EMP04589,Admin,34,78353,1,39,52.2,No
EMP04590,Finance,46,129653,5,45,60.0,No
EMP04591,IT,27,113335,4,31,39.8,No
EMP04592,Admin,56,122781,4,39,62.6,No
EMP04593,Admin,55,106220,21,54,98.2,Yes
EMP04594,HR,29,75030,21,61,98.4,Yes
EMP04595,HR,45,108899,4,33,57.0,No
EMP04596,Marketing,29,104116,16,39,81.2,Yes
EMP04597,Customer Support,30,78336,18,44,78.8,Yes
EMP04598,Customer Support,53,118505,22,49,95.0,Yes
EMP04599,Marketing,23,79049,23,50,96.4,Yes
EMP04600,Operations,52,122958,15,62,92.2,Yes
EMP04601,Marketing,35,106617,11,52,63.0,No
EMP04602,Engineering,52,147997,8,36,54.0,No
EMP04603,Operations,27,80799,11,51,72.4,No
EMP04604,HR,49,101867,12,38,72.4,No
EMP04605,Marketing,51,120380,17,47,78.8,Yes
EMP04606,Sales,23,90209,12,62,76.8,Yes
EMP04607,Finance,27,97511,10,34,65.4,No
EMP04608,Finance,24,91232,25,39,100.0,Yes
EMP04609,HR,41,106755,7,55,71.6,No
EMP04610,Operations,28,98092,21,55,100.0,Yes
EMP04611,HR,25,84756,19,58,100.0,Yes
EMP04612,Admin,49,103406,2,39,59.0,No
EMP04613,Sales,40,109789,12,57,76.8,Yes
EMP04614,Customer Support,37,80210,16,48,76.6,Yes
EMP04615,Customer Support,48,94775,10,31,61.6,No
EMP04616,IT,34,126520,20,50,84.0,Yes
EMP04617,Admin,52,103300,22,43,88.4,Yes
EMP04618,Engineering,58,154848,12,58,87.4,Yes
EMP04619,Engineering,30,132680,8,36,60.0,No
EMP04620,Marketing,56,121679,23,32,90.6,Yes
EMP04621,Operations,26,88171,18,53,96.2,Yes
EMP04622,Marketing,31,97033,8,41,53.0,No
EMP04623,Operations,45,112369,3,65,76.4,No
EMP04624,Admin,37,94148,8,57,60.6,No
EMP04625,Marketing,50,122592,10,48,73.8,No
EMP04626,Customer Support,37,90717,6,37,65.0,No
EMP04627,Operations,57,118097,18,48,93.2,Yes
EMP04628,Sales,52,121316,24,37,79.4,Yes
EMP04629,HR,49,104094,11,30,54.8,No
EMP04630,Admin,25,80254,22,36,91.2,Yes
EMP04631,Finance,56,125440,21,48,85.6,Yes
EMP04632,Sales,40,105668,22,60,88.6,Yes
EMP04633,Sales,58,130553,18,43,84.2,Yes
EMP04634,HR,39,106181,24,38,82.0,Yes
EMP04635,Customer Support,55,107595,10,45,57.0,No
EMP04636,Customer Support,30,71968,21,52,99.0,Yes
EMP04637,Customer Support,58,108419,23,41,95.0,Yes
EMP04638,Customer Support,33,89662,13,58,73.2,No
EMP04639,Customer Support,59,120070,14,56,72.8,No
EMP04640,IT,21,103081,11,55,72.8,No
EMP04641,HR,32,82779,5,38,50.8,No
EMP04642,Admin,38,89440,2,34,50.0,No
EMP04643,Admin,48,110598,8,56,71.0,No
EMP04644,HR,60,126822,4,60,74.2,No
EMP04645,Operations,25,86046,5,49,62.4,No
EMP04646,Sales,28,83980,10,31,54.6,No
EMP04647,Operations,36,100162,3,59,64.8,No
EMP04648,Customer Support,44,100150,10,38,53.8,No
EMP04649,Admin,28,86643,13,45,66.4,No
EMP04650,Marketing,45,116497,3,52,67.6,No
EMP04651,Operations,42,103386,19,40,85.2,Yes
EMP04652,Customer Support,49,103585,9,35,68.2,No
EMP04653,HR,23,78196,7,65,63.6,No
EMP04654,Operations,32,92225,11,34,60.2,No
EMP04655,Sales,39,107565,18,55,81.4,Yes
EMP04656,Admin,32,94165,18,44,70.8,No
EMP04657,Engineering,40,135648,25,45,86.0,Yes
EMP04658,Operations,37,94142,9,54,71.6,No
EMP04659,Sales,51,111076,19,42,82.4,Yes
EMP04660,Finance,26,103435,9,59,79.6,Yes
EMP04661,Operations,50,111391,7,34,45.0,No
EMP04662,HR,39,96152,19,50,83.2,Yes
EMP04663,Engineering,49,152723,21,57,87.0,Yes
EMP04664,Marketing,53,125854,2,63,69.4,No
EMP04665,HR,24,84542,4,64,64.6,No
EMP04666,Sales,26,86835,7,35,47.6,No
EMP04667,Sales,25,90773,8,57,77.6,Yes
EMP04668,IT,47,126884,21,36,86.4,Yes
EMP04669,Finance,56,125388,18,59,80.8,Yes
EMP04670,Customer Support,60,117488,21,63,100.0,Yes
EMP04671,IT,40,119732,11,59,80.2,Yes
EMP04672,HR,56,126146,5,57,61.2,No
EMP04673,Finance,36,104072,12,46,67.2,No
EMP04674,Customer Support,21,66251,2,33,41.4,No
EMP04675,IT,24,109785,17,57,96.8,Yes
EMP04676,HR,42,94925,22,50,86.6,Yes
EMP04677,Finance,39,106826,4,48,48.0,No
EMP04678,Customer Support,46,93578,16,32,70.0,No
EMP04679,Sales,25,75625,11,39,58.2,No
EMP04680,Customer Support,46,107216,8,43,56.2,No
EMP04681,IT,29,106024,5,47,50.2,No
EMP04682,Marketing,41,105235,19,38,74.0,No
EMP04683,Operations,24,76702,13,38,61.2,No
EMP04684,HR,60,118807,3,37,47.6,No
EMP04685,Sales,55,129870,7,44,54.0,No
EMP04686,Marketing,33,101515,21,41,79.4,Yes
EMP04687,Customer Support,54,104987,4,43,52.0,No
EMP04688,Sales,59,125083,11,56,75.4,Yes
EMP04689,Marketing,29,101203,10,41,66.6,No
EMP04690,Sales,40,107031,20,58,82.8,Yes
EMP04691,Sales,32,97491,19,62,96.4,Yes
EMP04692,Sales,33,103714,6,33,53.6,No
EMP04693,Customer Support,36,93717,25,59,100.0,Yes
EMP04694,Sales,36,100013,22,65,95.6,Yes
EMP04695,Engineering,60,165263,8,52,59.6,No
EMP04696,IT,42,132554,13,55,78.4,Yes
EMP04697,Finance,57,136182,9,61,69.8,No
EMP04698,Marketing,44,104785,21,62,100.0,Yes
EMP04699,Customer Support,47,100135,10,36,66.6,No
EMP04700,Marketing,44,121858,8,55,70.4,No
EMP04701,Sales,31,95104,15,47,80.2,Yes
EMP04702,Marketing,41,117589,11,43,75.6,Yes
EMP04703,IT,47,137511,25,65,100.0,Yes
EMP04704,Sales,30,97182,7,54,75.0,No
EMP04705,Sales,30,96558,4,51,51.8,No
EMP04706,Engineering,31,123639,21,56,100.0,Yes
EMP04707,Marketing,56,124163,11,47,69.0,No
EMP04708,Admin,47,107462,11,62,76.0,Yes
EMP04709,HR,57,121287,14,36,75.8,Yes
EMP04710,Sales,30,100340,19,60,100.0,Yes
EMP04711,Admin,36,93807,22,34,75.0,Yes
EMP04712,Marketing,43,104329,22,62,91.8,Yes
EMP04713,Admin,46,107335,21,42,77.0,Yes
EMP04714,Marketing,22,83222,1,61,65.4,No
EMP04715,Customer Support,29,75241,2,60,51.6,No
EMP04716,Sales,27,93193,18,57,95.6,Yes
EMP04717,Admin,22,72414,5,54,71.4,No
EMP04718,Finance,34,105154,5,37,55.2,No
EMP04719,Sales,33,97604,25,58,96.8,Yes
EMP04720,Sales,41,106933,5,40,54.0,No
EMP04721,Customer Support,43,106190,7,42,52.8,No
EMP04722,IT,50,130371,24,49,90.6,Yes
EMP04723,Sales,46,103799,17,35,68.6,No
EMP04724,Customer Support,47,109984,23,48,96.2,Yes
EMP04725,Customer Support,26,79690,15,31,74.6,No
EMP04726,Marketing,35,111663,11,44,61.2,No
EMP04727,Finance,23,88164,13,36,68.0,No
EMP04728,HR,57,116490,4,55,70.2,No
EMP04729,Sales,59,118464,24,32,80.4,Yes
EMP04730,Marketing,35,99059,9,47,71.4,No
EMP04731,Engineering,47,145366,22,43,94.4,Yes
EMP04732,Sales,27,86093,2,64,56.0,No
EMP04733,Finance,24,103477,14,61,79.8,Yes
EMP04734,Finance,23,85586,9,64,69.6,No
EMP04735,HR,46,96016,10,35,52.0,No
EMP04736,IT,40,135355,2,39,56.0,No
EMP04737,Customer Support,47,109235,4,55,53.2,No
EMP04738,HR,25,74731,8,48,58.2,No
EMP04739,Sales,33,94507,17,51,90.2,Yes
EMP04740,IT,37,124861,2,43,47.4,No
EMP04741,Customer Support,25,83529,2,60,54.6,No
EMP04742,Finance,52,129922,7,64,64.0,No
EMP04743,Operations,26,81031,16,36,77.4,Yes
EMP04744,Marketing,28,102702,5,36,51.6,No
EMP04745,IT,22,96541,10,59,70.4,No
EMP04746,Admin,54,111280,21,35,72.8,No
EMP04747,IT,28,113400,18,59,89.8,Yes
EMP04748,Engineering,29,134708,23,34,79.8,Yes
EMP04749,Engineering,48,153684,17,53,86.4,Yes
EMP04750,Customer Support,39,89626,7,34,62.0,No
EMP04751,HR,26,81084,21,61,100.0,Yes
EMP04752,Customer Support,28,74148,4,48,55.0,No
EMP04753,Finance,30,92569,12,48,64.4,No
EMP04754,Finance,36,109062,11,43,58.6,No
EMP04755,Customer Support,47,104131,22,41,78.2,Yes
EMP04756,Admin,47,104447,9,52,64.4,No
EMP04757,IT,41,129419,25,61,95.6,Yes
EMP04758,IT,21,104473,21,53,96.6,Yes
EMP04759,Engineering,25,129569,19,64,100.0,Yes
EMP04760,Admin,38,96556,17,52,85.8,Yes
EMP04761,Sales,59,117712,17,44,69.0,No
EMP04762,Finance,44,121978,19,51,90.8,Yes
EMP04763,Customer Support,43,98529,7,53,72.4,No
EMP04764,IT,39,119631,6,58,71.6,No
EMP04765,Customer Support,30,82849,13,38,70.2,No
EMP04766,HR,44,93061,9,54,75.6,Yes
EMP04767,HR,22,75393,3,48,49.2,No
EMP04768,HR,35,95794,13,62,77.6,Yes
EMP04769,HR,37,98984,23,62,93.6,Yes
EMP04770,HR,21,78607,21,56,100.0,Yes
EMP04771,HR,59,114086,22,47,94.8,Yes
EMP04772,Admin,29,87257,5,30,52.0,No
EMP04773,Marketing,31,91188,17,37,75.8,Yes
EMP04774,IT,31,125294,8,39,53.8,No
EMP04775,IT,32,117703,18,39,67.8,No
EMP04776,Sales,55,116096,16,50,86.8,Yes
EMP04777,Operations,33,87646,20,49,77.4,Yes
EMP04778,Finance,38,109381,2,65,68.6,No
EMP04779,Finance,59,129135,8,53,61.2,No
EMP04780,Operations,36,100502,22,31,76.2,Yes
EMP04781,Engineering,41,146587,5,40,63.0,No
EMP04782,HR,29,78655,14,48,86.0,Yes
EMP04783,Engineering,44,152421,18,32,77.6,Yes
EMP04784,Marketing,54,132509,1,38,36.6,No
EMP04785,HR,25,79427,10,36,61.6,No
EMP04786,Sales,36,92336,3,51,64.0,No
EMP04787,Sales,27,95608,10,60,79.0,Yes
EMP04788,Sales,50,123042,24,38,79.0,Yes
EMP04789,Finance,32,111601,21,62,100.0,Yes
EMP04790,HR,35,93283,13,44,76.8,Yes
EMP04791,HR,56,122425,22,44,95.0,Yes
EMP04792,Finance,58,127789,22,39,82.0,Yes
EMP04793,Engineering,60,165189,9,45,74.2,No
EMP04794,HR,57,126505,11,51,72.4,No
EMP04795,Engineering,43,132283,12,49,80.0,Yes
EMP04796,IT,38,129333,19,30,83.2,Yes
EMP04797,HR,48,109373,23,49,86.8,Yes
EMP04798,Admin,54,114162,14,30,57.2,No
EMP04799,Customer Support,24,78863,11,56,72.4,No
EMP04800,Engineering,35,134165,25,47,99.2,Yes
EMP04801,Finance,23,87315,13,50,79.4,Yes
EMP04802,Finance,47,129754,8,56,62.0,No
EMP04803,Admin,40,96721,2,38,45.4,No
EMP04804,Admin,22,79092,9,42,65.4,No
EMP04805,IT,60,151691,21,55,90.8,Yes
EMP04806,Engineering,40,133909,25,61,100.0,Yes
EMP04807,Admin,21,70077,10,41,58.6,No
EMP04808,IT,37,131186,7,49,54.0,No
EMP04809,Sales,23,76729,3,59,61.8,No
EMP04810,Operations,28,93652,11,45,77.8,Yes
EMP04811,Operations,27,89732,18,51,89.0,Yes
EMP04812,HR,39,103150,13,41,78.0,Yes
EMP04813,HR,45,99391,6,47,62.0,No
EMP04814,HR,49,106062,8,43,56.2,No
EMP04815,Operations,60,130758,22,48,85.4,Yes
EMP04816,Finance,35,101564,11,64,86.2,Yes
EMP04817,Marketing,45,104663,2,47,47.8,No
EMP04818,Customer Support,59,125463,13,41,62.0,No
EMP04819,IT,49,138482,4,61,60.8,No
EMP04820,IT,59,150697,5,31,41.6,No
EMP04821,Engineering,47,140306,18,41,80.0,Yes
EMP04822,IT,36,132995,13,54,73.8,No
EMP04823,HR,51,105335,13,44,72.8,No
EMP04824,Marketing,23,96814,4,44,50.6,No
EMP04825,HR,53,115340,10,64,68.4,No
EMP04826,IT,32,111520,2,56,67.2,No
EMP04827,Finance,24,91779,19,45,79.2,Yes
EMP04828,Marketing,44,105577,16,61,96.4,Yes
EMP04829,HR,24,74822,2,31,52.2,No
EMP04830,Customer Support,42,90191,4,54,56.6,No
EMP04831,Customer Support,42,101529,23,47,83.6,Yes
EMP04832,Operations,53,110680,12,49,77.0,Yes
EMP04833,IT,58,148960,8,30,55.4,No
EMP04834,IT,34,113514,24,44,93.6,Yes
EMP04835,Engineering,50,149334,18,34,74.8,No
EMP04836,Sales,45,107030,15,48,81.8,Yes
EMP04837,Finance,21,91758,20,48,82.8,Yes
EMP04838,Finance,60,143349,3,58,65.2,No
EMP04839,Customer Support,47,102691,11,33,56.6,No
EMP04840,Customer Support,51,97068,3,38,58.2,No
EMP04841,Admin,31,89823,3,50,64.4,No
EMP04842,Customer Support,24,65761,22,34,76.0,Yes
EMP04843,Marketing,29,97605,3,37,54.6,No
EMP04844,Engineering,56,162857,1,54,66.2,No
EMP04845,Marketing,48,112039,11,45,62.8,No
EMP04846,Engineering,33,131256,4,64,75.6,No
EMP04847,Finance,30,107935,5,54,62.4,No
EMP04848,Operations,53,126917,14,44,65.6,No
EMP04849,Sales,26,82509,5,49,50.4,No
EMP04850,HR,23,82462,24,45,92.2,Yes
EMP04851,Admin,36,88172,19,39,71.6,No
EMP04852,IT,34,122091,9,57,81.4,Yes
EMP04853,Customer Support,53,102755,13,43,76.2,Yes
EMP04854,Sales,55,129145,4,61,61.8,No
EMP04855,Customer Support,52,108568,11,34,58.2,No
EMP04856,IT,54,138023,2,36,45.2,No
EMP04857,Customer Support,22,75423,12,40,69.6,No
EMP04858,IT,39,124019,14,58,83.0,Yes
EMP04859,IT,25,109163,16,41,75.4,Yes
EMP04860,Marketing,43,113574,8,61,75.0,Yes
EMP04861,Customer Support,41,97658,20,60,92.0,Yes
EMP04862,Engineering,54,164089,17,48,84.4,Yes
EMP04863,IT,31,119245,9,48,60.0,No
EMP04864,Sales,22,81718,14,38,60.0,No
EMP04865,IT,47,137114,19,56,91.8,Yes
EMP04866,Operations,55,114777,4,39,55.6,No
EMP04867,Engineering,29,120676,14,61,92.8,Yes
EMP04868,Operations,35,103445,23,31,90.0,Yes
EMP04869,Sales,34,90337,22,47,81.8,Yes
EMP04870,Finance,29,101965,10,57,64.2,No
EMP04871,IT,32,124568,7,48,67.4,No
EMP04872,HR,56,123346,10,52,79.2,Yes
EMP04873,IT,50,147031,12,37,64.8,No
EMP04874,Engineering,24,116342,1,43,59.6,No
EMP04875,Admin,60,118588,5,35,56.0,No
EMP04876,IT,56,143526,25,45,98.0,Yes
EMP04877,HR,30,86376,19,47,76.4,Yes
EMP04878,Engineering,46,135585,13,58,82.2,Yes
EMP04879,Customer Support,33,79207,21,44,92.2,Yes
EMP04880,Marketing,48,109807,1,37,40.0,No
EMP04881,HR,30,85574,2,63,69.4,No
EMP04882,IT,38,133397,13,46,69.0,No
EMP04883,Marketing,34,109682,14,58,84.0,Yes
EMP04884,Admin,22,83232,6,64,73.2,No
EMP04885,Finance,52,129890,23,43,79.2,Yes
EMP04886,Sales,42,109649,20,48,95.8,Yes
EMP04887,HR,29,88539,18,53,84.2,Yes
EMP04888,HR,57,113170,4,42,52.4,No
EMP04889,Operations,60,137478,25,35,84.0,Yes
EMP04890,HR,44,95337,21,30,70.8,No
EMP04891,Sales,42,110971,13,37,68.6,No
EMP04892,HR,54,111902,18,33,80.2,Yes
EMP04893,HR,53,105832,10,46,58.6,No
EMP04894,HR,39,88893,9,45,66.2,No
EMP04895,Customer Support,46,92685,17,51,79.2,Yes
EMP04896,Marketing,42,109392,17,36,80.2,Yes
EMP04897,Engineering,34,131276,10,59,76.4,Yes
EMP04898,HR,53,103993,7,32,46.8,No
EMP04899,Admin,46,101435,11,54,78.2,Yes
EMP04900,Engineering,28,122193,15,65,79.0,Yes
EMP04901,HR,26,74565,5,59,68.4,No
EMP04902,Admin,59,114491,23,65,100.0,Yes
EMP04903,Customer Support,27,79386,3,36,55.0,No
EMP04904,Customer Support,45,92696,17,57,78.8,Yes
EMP04905,Engineering,57,160073,13,58,88.2,Yes
EMP04906,Marketing,54,120037,22,42,89.8,Yes
EMP04907,Engineering,25,110920,2,50,55.6,No
EMP04908,Marketing,55,124374,12,42,69.8,No
EMP04909,Finance,55,134827,19,52,87.4,Yes
EMP04910,IT,49,136890,18,53,87.2,Yes
EMP04911,Marketing,36,98544,19,62,92.4,Yes
EMP04912,Customer Support,31,75288,13,39,72.8,No
EMP04913,Operations,51,110380,18,32,73.6,No
EMP04914,Sales,55,128958,14,57,86.4,Yes
EMP04915,Marketing,59,121011,1,42,43.0,No
EMP04916,Operations,53,125739,7,40,53.6,No
EMP04917,Customer Support,51,103473,14,65,84.2,Yes
EMP04918,Finance,41,106206,21,53,86.6,Yes
EMP04919,IT,41,129024,17,53,87.4,Yes
EMP04920,Marketing,27,97706,1,64,58.2,No
EMP04921,Admin,21,66298,19,60,82.2,Yes
EMP04922,Marketing,50,125852,18,40,83.4,Yes
EMP04923,Engineering,51,145160,24,37,93.4,Yes
EMP04924,IT,39,132552,11,38,74.6,No
EMP04925,Customer Support,53,118344,7,30,43.6,No
EMP04926,Engineering,21,107598,3,39,41.8,No
EMP04927,Sales,30,90673,5,42,55.2,No
EMP04928,Marketing,52,123829,22,33,86.4,Yes
EMP04929,Engineering,49,142742,4,57,71.4,No
EMP04930,Engineering,58,161552,4,54,70.6,No
EMP04931,Operations,48,117793,25,55,100.0,Yes
EMP04932,Sales,47,118570,2,54,55.0,No
EMP04933,Sales,33,85126,25,47,85.2,Yes
EMP04934,Operations,60,128225,5,40,49.0,No
EMP04935,Operations,45,107563,7,59,65.0,No
EMP04936,Finance,29,98266,19,34,73.6,No
EMP04937,HR,60,123856,15,31,66.6,No
EMP04938,Marketing,51,114936,14,33,67.0,No
EMP04939,Finance,52,118617,3,51,51.0,No
EMP04940,Finance,23,96331,13,39,58.8,No
EMP04941,Admin,22,76550,2,38,49.4,No
EMP04942,Marketing,56,132559,22,46,89.2,Yes
EMP04943,Engineering,59,158030,18,43,80.2,Yes
EMP04944,Admin,39,95536,17,43,83.4,Yes
EMP04945,IT,26,119892,4,48,60.0,No
EMP04946,Finance,51,124145,9,54,76.6,Yes
EMP04947,Customer Support,47,96504,10,45,57.0,No
EMP04948,Finance,34,109158,16,38,76.6,Yes
EMP04949,IT,44,127452,25,63,100.0,Yes
EMP04950,Admin,46,111606,11,46,64.4,No
EMP04951,IT,52,133690,10,30,49.0,No
EMP04952,HR,30,77626,18,55,79.4,Yes
EMP04953,Customer Support,40,85818,1,50,61.8,No
EMP04954,Admin,22,72568,25,51,93.6,Yes
EMP04955,Engineering,30,122649,4,55,53.2,No
EMP04956,Marketing,33,96712,11,56,77.4,Yes
EMP04957,Marketing,59,122707,1,35,35.8,No
EMP04958,HR,23,69761,17,45,86.6,Yes
EMP04959,Admin,49,105948,4,30,54.2,No
EMP04960,IT,23,108607,17,44,77.0,Yes
EMP04961,Operations,25,78657,18,41,88.0,Yes
EMP04962,HR,35,96532,9,44,67.6,No
EMP04963,Finance,48,125507,8,56,65.0,No
EMP04964,HR,55,110598,17,35,67.6,No
EMP04965,Admin,48,113345,3,52,57.6,No
EMP04966,Sales,50,105122,25,59,100.0,Yes
EMP04967,Finance,35,108431,3,32,53.6,No
EMP04968,Marketing,34,107092,1,57,54.0,No
EMP04969,Engineering,59,160309,20,62,89.2,Yes
EMP04970,Admin,27,79506,19,37,72.4,No
EMP04971,Marketing,48,119264,16,56,94.4,Yes
EMP04972,Finance,22,95396,13,61,87.0,Yes
EMP04973,Admin,27,82445,16,60,80.8,Yes
EMP04974,Admin,54,109539,7,56,71.2,No
EMP04975,Admin,55,103805,22,52,84.8,Yes
EMP04976,IT,46,130832,15,55,90.0,Yes
EMP04977,IT,31,121453,14,57,85.4,Yes
EMP04978,Admin,53,115265,1,42,59.0,No
EMP04979,Finance,46,115738,13,50,70.4,No
EMP04980,Admin,56,119397,20,30,75.0,Yes
EMP04981,Marketing,58,123079,11,64,74.2,No
EMP04982,Operations,41,111937,20,60,98.0,Yes
EMP04983,Customer Support,30,83457,11,61,77.4,Yes
EMP04984,Admin,22,75503,7,65,80.6,No
EMP04985,Operations,22,82932,1,34,37.2,No
EMP04986,Finance,49,124602,25,54,100.0,Yes
EMP04987,Marketing,56,121757,19,34,84.6,Yes
EMP04988,Customer Support,43,104110,12,35,71.6,No
EMP04989,Finance,49,123904,21,37,88.0,Yes
EMP04990,HR,48,99028,2,53,47.4,No
EMP04991,IT,59,160276,9,47,76.4,Yes
EMP04992,Admin,32,91498,15,65,89.0,Yes
EMP04993,HR,50,100545,21,44,80.2,Yes
EMP04994,Marketing,58,122931,1,37,40.0,No
EMP04995,HR,42,103226,3,62,74.6,No
EMP04996,Engineering,23,126330,9,40,52.2,No
EMP04997,Operations,46,107510,5,41,52.6,No
EMP04998,Customer Support,33,78501,20,43,93.8,Yes
EMP04999,HR,56,108571,13,40,59.4,No
EMP05000,Marketing,52,120974,1,38,41.6,No
